Incident_ID,Injury,Age
19700105DCHIW,Fatal,Teen
19700105DCSOW,Wounded,Teen
19700105DCUNW,None,Teen
19700206OHJOC,Wounded,Teen
19700323CADAL,Wounded,Adult
19700323CADAL,Wounded,Teen
19700415ARPIP,Fatal,Teen
19700415ARPIP,Wounded,Teen
19700415ARPIP,Wounded,Teen
19700415ARPIP,Wounded,Teen
19700415ARPIP,Wounded,Teen
19700415ARPIP,Wounded,Teen
19700422DEPIW,Fatal,Teen
19700508FLCAD,Wounded,Teen
19700515UTBEO,Wounded,Adult
19700515UTBEO,Wounded,Teen
19700828TXRIE,Wounded,Teen
19700831FLALM,Fatal,Adult
19700914TNHAN,Wounded,Teen
19700914TNHAN,Wounded,Teen
19700914TNHAN,Fatal,Teen
19700924IDMEM,Fatal,Teen
19700928IACED,Wounded,Teen
19701005MIPOD,Wounded,Teen
19701005MIPOD,Wounded,Teen
19701005MIPOD,Wounded,Teen
19701005MIPOD,Wounded,Teen
19701019TNBOM,Fatal,Teen
19701020TNWAN,Wounded,Teen
19701027OHAPM,Wounded,Teen
19701120ILHAC,Wounded,Teen
19701120ILHAC,Wounded,Teen
19701212WIXAA,Fatal,Adult
19710202PAMOP,Fatal,Adult
19710205PAJOW,Wounded,Teen
19710210TXOAD,Wounded,Teen
19710210TXOAD,Wounded,Teen
19710225OHFRC,Fatal,Teen
19710309AZROT,Wounded,Teen
19710405PAWIH,Minor Injuries,Teen
19710527MIBES,Wounded,Teen
19710602NYEAE,None,Teen
19710820PAMOM,Wounded,Teen
19710909TXDUL,Fatal,Teen
19710924NYMCB,Fatal,Adult
19710928MNCEM,None,Teen
19710929VAPEP,Wounded,Teen
19710929VAPEP,Fatal,Teen
19710929VAPEP,Wounded,Teen
19711028MDCIB,Wounded,Teen
19711029MDFOB,Wounded,Teen
19711029MDFRB,Wounded,Teen
19711029MDFRB,Wounded,Teen
19711103NMCAC,Wounded,Adult
19711108OKGRT,Fatal,Adult
19711124MDEDB,Fatal,Teen
19711206CALOL,Wounded,Teen
19711206CALOL,Wounded,Teen
19711206CALOL,Wounded,Teen
19711206CALOL,Wounded,Teen
19711213MDCAB,Wounded,Teen
19720105DCPAW,Fatal,Adult
19720124OHSTS,Wounded,Adult
19720126MDGWB,Wounded,Teen
19720126MDHAB,Wounded,Teen
19720214ILCAC,Fatal,Teen
19720215ILKEC,None,0
19720228CAMAL,Wounded,Teen
19720313TXUNH,Wounded,Teen
19720412LAEAG,Wounded,Adult
19720504NVLIR,Fatal,Adult
19720505INDEI,Fatal,Teen
19720914TXFRH,Wounded,Adult
19720915MISAS,Wounded,Teen
19720915MISAS,Wounded,Teen
19720919TXCUH,Wounded,Adult
19720921OHTHA,Wounded,Adult
19721111CAJEL,Wounded,Teen
19721111CAJEL,Wounded,Teen
19721111CAJEL,Wounded,Teen
19721111CAJEL,Wounded,Teen
19721111CAJEL,Wounded,Teen
19721127MIPOP,Wounded,Teen
19721127MIPOP,Wounded,Teen
19721127MIPOP,Wounded,Teen
19721127MIPOP,Wounded,Teen
19721127MIPOP,Wounded,Teen
19721129FLMIM,Wounded,Teen
19730105NCSOS,Wounded,Teen
19730105NCSOS,Wounded,Teen
19730105NCSOS,Wounded,Teen
19730105NCSOS,Wounded,Teen
19730118CAJOL,Wounded,Teen
19730118CAJOL,Wounded,Teen
19730131NCCUB,Wounded,Teen
19730212ALBOM,Wounded,Teen
19730226VAARR,Fatal,Teen
19730226VAARR,Wounded,Teen
19730405CALOL,Wounded,Teen
19730405CALOL,Wounded,Teen
19730501OHRAY,Wounded,Teen
19730501OHRAY,Wounded,Teen
19730501OHRAY,Wounded,Teen
19730928CAWIL,Wounded,Teen
19730928CAWIL,Wounded,Teen
19730928CAWIL,Wounded,Teen
19731002ILELA,Fatal,Teen
19731019MOBES,Fatal,Teen
19731023MOSUS,Wounded,Teen
19731023OHBAB,Wounded,Adult
19731024MNCEM,Wounded,Teen
19731031MONOS,Wounded,Teen
19731108ILWOC,Fatal,Teen
19731109CALOL,Wounded,Teen
19731109CALOL,Fatal,Child
19731206CAFRL,Wounded,Teen
19731213OHHUC,Wounded,Teen
19740117ILBAC,Wounded,Adult
19740117ILBAC,Wounded,Adult
19740117ILBAC,Minor Injuries,Adult
19740117ILBAC,Fatal,Adult
19740122CALOL,Fatal,Teen
19740207CAJAO,Fatal,Adult
19740207CAJAO,Fatal,Adult
19740322INBRB,Fatal,Adult
19740402CTSTB,Wounded,Child
19740402CTSTB,Wounded,Adult
19740510TNCHR,Fatal,Teen
19740519FLHIO,None,0
19740923CAJED,Wounded,Teen
19740925CASAL,Wounded,Teen
19741007LADEH,Wounded,Teen
19741007LADEH,Fatal,Teen
19741021MDDOB,Wounded,Adult
19741118SCCAC,Wounded,Teen
19741121ARBOL,Fatal,Teen
19741121ARBOL,Wounded,Teen
19741125SCCAC,None,0
19741218CAMAL,Fatal,Teen
19741218CAMAL,Wounded,Teen
19741230NYOLO,Wounded,Adult
19741230NYOLO,Fatal,Adult
19741230NYOLO,Minor Injuries,Adult
19741230NYOLO,Fatal,Adult
19741230NYOLO,Wounded,Adult
19741230NYOLO,Minor Injuries,Adult
19741230NYOLO,Wounded,Adult
19741230NYOLO,Wounded,Adult
19741230NYOLO,Minor Injuries,0
19741230NYOLO,Fatal,Adult
19741230NYOLO,Minor Injuries,Adult
19741230NYOLO,Wounded,Child
19741230NYOLO,Wounded,Adult
19741230NYOLO,Wounded,Adult
19750207NYBOM,None,Teen
19750224NJSTP,Wounded,Adult
19750224NJSTP,Fatal,Adult
19750312TXJOH,Wounded,Teen
19750312TXJOH,Wounded,Teen
19750318MOSUS,Fatal,Teen
19750321OHPAD,Wounded,Adult
19750321VAFAR,Wounded,Child
19750515MOROS,Wounded,Adult
19750527MIPID,Fatal,Teen
19750709ILDEC,Wounded,Adult
19750711MOCES,Wounded,Teen
19750711MOCES,Wounded,Teen
19750911OKGRO,Fatal,Teen
19750911OKGRO,Wounded,Teen
19750911OKGRO,Minor Injuries,Teen
19750911OKGRO,Minor Injuries,Teen
19750911OKGRO,Minor Injuries,Teen
19750911OKGRO,Wounded,Adult
19751001NMHEA,Fatal,Adult
19751024GAMUA,Wounded,Adult
19751218CAORS,Wounded,Teen
19760101AZCAP,Wounded,Adult
19760123OHCOC,Wounded,Adult
19760123OHCOC,Fatal,Adult
19760206FLESP,Wounded,Teen
19760206FLESP,Wounded,Teen
19760206FLESP,Wounded,Teen
19760206FLESP,Wounded,Teen
19760212MIMUD,Wounded,Teen
19760212MIMUD,Wounded,Teen
19760212MIMUD,Wounded,Teen
19760212MIMUD,Wounded,Teen
19760212MIMUD,Wounded,Teen
19760412TXODF,Fatal,Teen
19760412TXODF,Wounded,Teen
19760513MOMAS,Wounded,Child
19760514FLPAW,Wounded,Teen
19760602MDMTC,None,0
19760920NCGUG,Wounded,Adult
19761110MIBUD,Fatal,Adult
19761210MOFRS,Wounded,Adult
19761210MOFRS,Wounded,Adult
19770113ILOLB,Wounded,Teen
19770209ILFEC,Wounded,Teen
19770209ILFEC,Wounded,Teen
19770209ILFEC,Wounded,Teen
19770209ILFEC,Fatal,Teen
19770228MOROS,Wounded,Teen
19770228MOROS,Wounded,Teen
19770228TXHOA,Wounded,Teen
19770308ILCOE,Wounded,Teen
19770308ILCOE,Wounded,Adult
19770321NYPAH,None,0
19770407TXWHW,Fatal,Adult
19770418TNPIN,Fatal,Adult
19770517FLSTC,None,0
19770622ILHOC,Wounded,Teen
19770622ILHOC,Wounded,Teen
19770711COSOC,Wounded,Teen
19771129MOHAS,None,0
19771129MOVAS,Wounded,Teen
19771209CAPES,None,Adult
19771212FLWEW,Fatal,Adult
19771215MABLC,Wounded,Teen
19771215MABLC,Wounded,Teen
19780111KYCHH,Wounded,Teen
19780209WVHAS,Fatal,Teen
19780222MIEVL,Fatal,Teen
19780222MIEVL,Wounded,Teen
19780309CAMOS,Wounded,Child
19780329TNGAN,Wounded,Adult
19780414MIFOD,Wounded,Teen
19780426TXPAD,Fatal,Adult
19780428ILRIN,Wounded,Teen
19780428ILRIN,Fatal,Teen
19780428ILRIN,Fatal,Teen
19780428ILRIN,Wounded,Teen
19780518TXMUA,Fatal,Adult
19780519PADOP,Wounded,0
19780519PADOP,Wounded,Child
19780519PADOP,Wounded,Child
19780519PADOP,Wounded,Child
19780519PADOP,Wounded,Child
19780519PADOP,Wounded,Child
19780519PADOP,Wounded,Child
19780519PADOP,Wounded,Child
19780607DEDOD,Fatal,Teen
19780610MAWEW,None,Teen
19781017ALLAL,Wounded,Adult
19781017MOUNU,Wounded,Teen
19781017MOUNU,Wounded,Teen
19781017MOUNU,Wounded,Teen
19781129NYPAN,Wounded,Teen
19781214CTWIN,Fatal,Adult
19790129CAGRS,Fatal,Adult
19790129CAGRS,Fatal,Adult
19790129CAGRS,Wounded,Child
19790129CAGRS,Wounded,Adult
19790129CAGRS,Wounded,Child
19790129CAGRS,Wounded,Child
19790129CAGRS,Wounded,Child
19790129CAGRS,Wounded,Child
19790129CAGRS,Wounded,Child
19790129CAGRS,Wounded,Child
19790129CAGRS,Wounded,Child
19790314FLMCM,Wounded,Adult
19790328CALOL,Wounded,Adult
19790416WIWIM,Wounded,Teen
19790425PAMAH,Wounded,Adult
19790426TXAZA,Fatal,Teen
19790614OHNEN,Fatal,Teen
19790926LACAN,Wounded,Teen
19790926LACAN,Wounded,Teen
19790928MACHC,Wounded,Teen
19791023MOOFS,Wounded,Teen
19791023MOOFS,Wounded,Teen
19791105INWAI,Wounded,Teen
19791130TXUNL,Wounded,Child
19791203MDEAB,Wounded,Teen
19791203MDEAB,Wounded,Teen
19791203MDEAB,Wounded,Teen
19791221MOBLS,Wounded,Teen
19800107ARSTS,Fatal,Teen
19800129VALAW,None,Teen
19800201DCLAW,Wounded,Child
19800207TXVAL,Wounded,Child
19800211INARI,Wounded,Teen
19800215MSHUM,Fatal,Adult
19800320TXJLD,Fatal,Adult
19800331MDFRB,Wounded,Teen
19800417VACAC,Fatal,Adult
19800417VACAC,Fatal,Adult
19800530NYCLB,None,Teen
19800902CAWHL,Wounded,Teen
19800902CAWHL,Wounded,Teen
19800902CAWHL,Wounded,Teen
19800902CAWHL,Wounded,Teen
19800902CAWHL,Wounded,Teen
19800902CAWHL,Wounded,Teen
19800902CAWHL,Wounded,Teen
19800902CAWHL,Wounded,Teen
19800902CAWHL,Wounded,Teen
19800902CAWHL,Wounded,Teen
19800908FLFOJ,Wounded,Adult
19800910DCSPW,Fatal,Teen
19800911ALJOM,Fatal,Adult
19800926CTBRB,Wounded,Teen
19800926CTBRB,Wounded,Teen
19801013ALCET,Wounded,Teen
19801031ALHUH,Wounded,Teen
19801117TXEAF,Wounded,Teen
19801212ALPAB,Wounded,Teen
19801212OHLOL,Wounded,Adult
19810121OHWIB,Wounded,Adult
19810122MDFRB,None,Teen
19810210ARLIL,Wounded,Teen
19810210CAMAL,Fatal,Teen
19810303INMAI,Wounded,Teen
19810328FLDIF,Fatal,Teen
19810402OHALC,Wounded,Teen
19810407MSPOP,Wounded,Teen
19810515LANEN,Wounded,Adult
19810901PAWIP,Wounded,Adult
19810901PAWIP,Wounded,Adult
19810901PAWIP,Wounded,Adult
19810904NMHOS,Wounded,Teen
19810904NMHOS,Wounded,Teen
19810908FLSTW,None,0
19810913MDABA,Fatal,Teen
19811013CTHAH,Wounded,Teen
19811209NYGEB,Fatal,Teen
19811216TXUNH,Wounded,Teen
19811223NYJAB,Fatal,Teen
19820205TNHAM,Fatal,Adult
19820208MADOD,Wounded,Teen
19820209LAJON,Fatal,0
19820315ORSPS,None,Teen
19820317OHLOL,None,Teen
19820319NVVAL,Fatal,Adult
19820319NVVAL,Wounded,Teen
19820319NVVAL,Wounded,Teen
19820407CODEL,Fatal,Teen
19820415MDFOB,Wounded,Adult
19820429GARUE,None,Teen
19820430FLANA,Wounded,Teen
19820527NVGAL,Wounded,Teen
19820527NVGAL,Wounded,Teen
19820910VALAB,None,Teen
19820915ARSOP,None,0
19821101NYELE,Wounded,Teen
19821108MICOD,Wounded,Teen
19821108MICOD,Wounded,Teen
19821112MSWIJ,Fatal,Teen
19821206ALHUH,None,Teen
19821220MIFID,Wounded,Teen
19830118TXJOH,Fatal,Adult
19830120MOPAB,Fatal,Teen
19830120MOPAB,Wounded,Teen
19830128MDWIB,None,Teen
19830130TXWEC,Fatal,Teen
19830131FLDED,None,Teen
19830201TNRIM,None,Teen
19830202NMALA,Wounded,Teen
19830331ILSAC,None,Adult
19830421MOBES,Wounded,Teen
19830516NYBRN,Wounded,Adult
19830516NYBRN,Wounded,Teen
19830516TXLAD,Fatal,Adult
19830518FLNOM,Wounded,Teen
19830523OHMAM,Wounded,Teen
19830526PAGRJ,None,Teen
19830912CAMAC,Wounded,Teen
19830912CAMAC,Wounded,Teen
19830912CAMAC,Wounded,Teen
19830912CAMAC,Wounded,Teen
19830912CAMAC,Wounded,Teen
19830912MIHED,Fatal,Teen
19830921MDWAB,None,Teen
19830930TXTET,Wounded,Teen
19830930TXTET,Wounded,Teen
19830930TXTET,Wounded,Teen
19831007CACOL,Wounded,Teen
19831022MDCAB,Fatal,Teen
19831108MIHIH,Fatal,Teen
19831117ILJAC,Wounded,Teen
19831117ILJAC,Fatal,Teen
19831118MDHAB,Fatal,Teen
19831202INCRC,Wounded,Teen
19831216ILBOR,Wounded,Adult
19840105MDLAB,Wounded,Teen
19840206KYCEL,Wounded,Teen
19840221TXSHH,Wounded,Adult
19840224CA49L,Wounded,Adult
19840224CA49L,Wounded,Child
19840224CA49L,Wounded,Child
19840224CA49L,Fatal,Adult
19840224CA49L,Minor Injuries,Child
19840224CA49L,Wounded,Child
19840224CA49L,Minor Injuries,Child
19840224CA49L,Minor Injuries,0
19840224CA49L,Wounded,Child
19840224CA49L,Minor Injuries,Child
19840224CA49L,Wounded,Child
19840224CA49L,Fatal,Child
19840224CA49L,Wounded,Child
19840224CA49L,Wounded,Child
19840405LACLC,Wounded,Teen
19840420MIPRD,Fatal,Teen
19840426NCROW,None,Child
19840515MTCMG,None,Teen
19840517IASOP,Fatal,Teen
19840517TXBOH,Wounded,Teen
19840518CANON,Wounded,Teen
19840518CANON,Wounded,Teen
19840518CANON,Wounded,Teen
19840518CANON,Wounded,Teen
19840518CANON,Wounded,Teen
19840518CANON,Wounded,Teen
19840518CANON,Wounded,Teen
19840518CANON,Wounded,Teen
19840518CANON,Wounded,Teen
19840518CANON,Wounded,Teen
19840518CANON,Wounded,Teen
19840518CANON,Wounded,Teen
19840522OHCLC,Wounded,Teen
19840710MIMUD,Wounded,Teen
19840831LABOS,Wounded,Teen
19840928TXMIH,Wounded,Child
19840928TXRIN,Wounded,Teen
19841021PAWYE,Wounded,Teen
19841022MICED,Wounded,Teen
19841022MICED,Wounded,Teen
19841024MISOD,Wounded,Teen
19841024OHWEC,Fatal,Adult
19841030SCPEP,Wounded,Adult
19841030SCPEP,Wounded,Adult
19841031LAEAG,Fatal,Teen
19841109CTWIN,Wounded,Teen
19841126MDMIR,Wounded,Teen
19841207MOEDS,None,0
19850118TXARA,None,Teen
19850121KSGOG,Wounded,Teen
19850121KSGOG,Wounded,Adult
19850121KSGOG,Wounded,Adult
19850121KSGOG,Fatal,Adult
19850126MASTB,Wounded,Teen
19850126MASTB,Wounded,Teen
19850126MASTB,Wounded,Teen
19850126MASTB,Wounded,Teen
19850205CTAIH,Wounded,Teen
19850416TXMAA,None,Teen
19850516FLPAB,None,Teen
19850724TXHIH,Wounded,Teen
19850904VAEAR,Wounded,Teen
19850909TXWHH,Wounded,Adult
19850920TXLAC,Wounded,Adult
19850920TXLAC,Wounded,Teen
19850925OHTRT,Wounded,Teen
19850925OHTRT,Wounded,Teen
19851008MDLAB,Fatal,Teen
19851018MIMUD,Wounded,Teen
19851018MIMUD,Wounded,Teen
19851018MIMUD,Wounded,Teen
19851018MIMUD,Wounded,Teen
19851018MIMUD,Wounded,Teen
19851018MIMUD,Wounded,Teen
19851018MIMUD,Wounded,Teen
19851022OHSOG,Wounded,Teen
19851126WASPS,Fatal,Teen
19851126WASPS,Fatal,Teen
19851127ALCHB,Wounded,Teen
19851203NHCOC,None,Teen
19851209PAARP,None,0
19851210CTPOP,Fatal,Adult
19851210CTPOP,Wounded,Adult
19851210CTPOP,Wounded,Adult
19860109NCNOD,Fatal,Teen
19860117CAVAL,Fatal,Teen
19860129MDLAB,Fatal,Teen
19860224LABOS,None,Teen
19860306ILTHD,Wounded,Adult
19860423FLCHM,Wounded,Teen
19860429MOSES,Fatal,Teen
19860509NCPIF,Wounded,Teen
19860509NCPIF,Wounded,Teen
19860509NCPIF,Wounded,Teen
19860515GACAA,Wounded,Child
19860516WYCOC,Wounded,Child
19860516WYCOC,Wounded,Child
19860516WYCOC,Wounded,Child
19860516WYCOC,Wounded,Child
19860516WYCOC,Wounded,Child
19860516WYCOC,Wounded,Child
19860516WYCOC,Wounded,Child
19860516WYCOC,Wounded,Child
19860516WYCOC,Wounded,Child
19860516WYCOC,Wounded,Child
19860516WYCOC,Wounded,Child
19860516WYCOC,Wounded,Child
19860516WYCOC,Wounded,Child
19860516WYCOC,Wounded,Child
19860516WYCOC,Wounded,Child
19860516WYCOC,Wounded,Child
19860516WYCOC,Wounded,Child
19860516WYCOC,Wounded,Child
19860516WYCOC,Wounded,Child
19860516WYCOC,Wounded,Child
19860516WYCOC,Wounded,Child
19860516WYCOC,Wounded,Child
19860516WYCOC,Wounded,Child
19860516WYCOC,Wounded,Child
19860516WYCOC,Wounded,Child
19860516WYCOC,Wounded,Child
19860516WYCOC,Wounded,Child
19860516WYCOC,Wounded,Child
19860516WYCOC,Wounded,Child
19860516WYCOC,Wounded,Child
19860516WYCOC,Wounded,Child
19860516WYCOC,Wounded,Child
19860516WYCOC,Wounded,Child
19860516WYCOC,Wounded,Child
19860516WYCOC,Wounded,Child
19860516WYCOC,Wounded,Child
19860516WYCOC,Wounded,Child
19860516WYCOC,Wounded,Child
19860516WYCOC,Wounded,Child
19860516WYCOC,Wounded,Child
19860516WYCOC,Wounded,Child
19860516WYCOC,Wounded,Child
19860516WYCOC,Wounded,Child
19860516WYCOC,Wounded,Child
19860516WYCOC,Wounded,Child
19860516WYCOC,Wounded,Child
19860516WYCOC,Wounded,Child
19860516WYCOC,Wounded,Child
19860516WYCOC,Wounded,Child
19860516WYCOC,Wounded,Child
19860516WYCOC,Wounded,Child
19860516WYCOC,Wounded,Child
19860516WYCOC,Wounded,Child
19860516WYCOC,Wounded,Child
19860516WYCOC,Wounded,Child
19860516WYCOC,Wounded,Child
19860516WYCOC,Wounded,Child
19860516WYCOC,Wounded,Child
19860516WYCOC,Wounded,Child
19860516WYCOC,Wounded,Child
19860516WYCOC,Wounded,Child
19860516WYCOC,Wounded,Child
19860516WYCOC,Wounded,Child
19860516WYCOC,Wounded,Child
19860516WYCOC,Wounded,Child
19860516WYCOC,Wounded,Child
19860516WYCOC,Wounded,Child
19860516WYCOC,Wounded,Child
19860516WYCOC,Wounded,Child
19860516WYCOC,Wounded,Child
19860516WYCOC,Wounded,Child
19860516WYCOC,Wounded,Child
19860516WYCOC,Wounded,Child
19860516WYCOC,Wounded,Child
19860517TNMAN,Wounded,Adult
19860912CAFAL,Fatal,Teen
19860918CABEB,Fatal,Teen
19861003CAMOM,Wounded,Teen
19861003CAMOM,Wounded,Teen
19861008TXSOD,Fatal,Teen
19861204MTFEL,Fatal,Adult
19861204MTFEL,Wounded,Adult
19861204MTFEL,Minor Injuries,Teen
19861204MTFEL,Minor Injuries,Teen
19870114CALOL,None,Teen
19870123MIRED,Wounded,Teen
19870210ARDAD,None,Teen
19870213AZORM,Wounded,Adult
19870213AZORM,Wounded,Adult
19870213AZORM,Fatal,Teen
19870213AZORM,Minor Injuries,Adult
19870224NYMON,Wounded,Adult
19870302MODED,Fatal,Teen
19870306TXRIE,Wounded,Teen
19870330CAPAS,None,Adult
19870416MIMUD,Fatal,Teen
19870416MIMUD,Wounded,Teen
19870416MIMUD,Minor Injuries,Teen
19870430ORGRP,Fatal,Teen
19870503INPII,Wounded,Adult
19870506ARMAJ,None,Teen
19870506FLLET,None,Teen
19870513ILOAO,None,Teen
19870928ILILL,Wounded,Adult
19871014ILDUC,Fatal,Teen
19871030NCSOK,Wounded,Teen
19871030NCSOK,Wounded,Teen
19871104MISOD,Wounded,Teen
19871114FLCLC,None,Teen
19871130TXPES,Fatal,Adult
19871202FLENJ,None,0
19871204NYEAN,Wounded,Adult
19871215NYGRB,Wounded,Teen
19871216TXMAK,None,Teen
19880105PASPS,Wounded,Teen
19880106FLGAT,None,Teen
19880108PACRM,Wounded,Teen
19880120LASIR,Fatal,Teen
19880129TXREA,Fatal,Teen
19880202ALWET,None,0
19880211FLPIL,Wounded,Adult
19880211FLPIL,Fatal,Adult
19880211FLPIL,Wounded,Adult
19880226RIBRB,Wounded,Teen
19880304MILED,Wounded,0
19880323CACAS,None,0
19880324TXTRA,None,0
19880505ILMAC,Wounded,Teen
19880516FLFOF,Wounded,Teen
19880520ILHUW,Fatal,Child
19880520ILHUW,Wounded,Teen
19880520ILHUW,Wounded,Child
19880520ILHUW,Wounded,Child
19880520ILHUW,Wounded,Child
19880520ILHUW,Wounded,Child
19880520ILHUW,Wounded,Child
19880531NYPUB,Wounded,Adult
19880602MSWIJ,Wounded,Teen
19880602MSWIJ,Wounded,Teen
19880617MIJOD,Wounded,Teen
19880630HIAIO,Wounded,Adult
19880710WISIM,Wounded,Adult
19880711MSLAJ,Wounded,Teen
19880831MICED,Wounded,Teen
19880831SCWEA,Fatal,Adult
19880902GAGLA,Wounded,Adult
19880902GAGLA,Wounded,Adult
19880902NCGAC,Wounded,Adult
19880902NCGAC,Wounded,Teen
19880902NCGAC,Wounded,Teen
19880902NCGAC,Wounded,0
19880903TXLID,Wounded,Teen
19880903TXLID,Wounded,Teen
19880922ILMOC,Fatal,Adult
19880922ILMOC,Fatal,Adult
19880922ILMOC,Wounded,Adult
19880922ILMOC,Fatal,Adult
19880922ILMOC,Fatal,Adult
19880922ILMOC,Wounded,Adult
19880926SCOAG,Wounded,Adult
19880926SCOAG,Wounded,Child
19880926SCOAG,Wounded,Adult
19880926SCOAG,Wounded,Child
19880926SCOAG,Wounded,Child
19880926SCOAG,Wounded,Child
19880926SCOAG,Fatal,Child
19880926SCOAG,Fatal,Child
19880926SCOAG,Wounded,Child
19880926SCOAG,Wounded,Child
19880926SCOAG,Wounded,Child
19881003FLMAM,Wounded,Teen
19881004FLJEJ,Wounded,Teen
19881004FLJEJ,Wounded,Teen
19881004FLJEJ,Wounded,Teen
19881004FLJEJ,Wounded,Teen
19881004FLJEJ,Wounded,Teen
19881004LAISB,None,Adult
19881005MDEDB,Wounded,Teen
19881006ALMOM,Wounded,Adult
19881007MDSOB,Wounded,Teen
19881007TXDIP,Wounded,Adult
19881101FLPAJ,None,Teen
19881107UTGLS,Wounded,Teen
19881122TXABA,Wounded,Adult
19881216VAATV,Fatal,Adult
19881216VAATV,Wounded,Adult
19890105ARHEL,Fatal,Teen
19890117CACLS,Wounded,Adult
19890117CACLS,Fatal,Child
19890117CACLS,Wounded,Child
19890117CACLS,Fatal,Child
19890117CACLS,Fatal,Child
19890117CACLS,Wounded,Child
19890117CACLS,Wounded,Child
19890117CACLS,Fatal,Child
19890117CACLS,Fatal,Child
19890117CACLS,Wounded,Child
19890117CACLS,Wounded,Child
19890117CACLS,Wounded,Child
19890117CACLS,Wounded,Child
19890117CACLS,Wounded,Child
19890117CACLS,Wounded,Child
19890117CACLS,Wounded,Child
19890117CACLS,Wounded,Child
19890117CACLS,Wounded,Child
19890117CACLS,Wounded,Child
19890117CACLS,Wounded,Child
19890117CACLS,Wounded,Child
19890117CACLS,Wounded,Child
19890117CACLS,Wounded,Child
19890117CACLS,Wounded,Child
19890117CACLS,Wounded,Child
19890117CACLS,Wounded,Child
19890117CACLS,Wounded,Child
19890117CACLS,Wounded,Child
19890117CACLS,Wounded,Child
19890117CACLS,Wounded,Child
19890117CACLS,Wounded,Child
19890117CACLS,Wounded,Child
19890117CACLS,Wounded,Child
19890117CACLS,Wounded,Child
19890117CACLS,Wounded,Child
19890126DCWOW,Wounded,Teen
19890126DCWOW,Wounded,Teen
19890126DCWOW,Wounded,Teen
19890126DCWOW,Wounded,Teen
19890210UTTHK,None,Adult
19890303INWIG,Fatal,Teen
19890426TXAMD,Wounded,Teen
19890911AZDYE,Fatal,Teen
19890918KYJAM,None,0
19891005CALOA,Wounded,Teen
19891031TXOLD,Wounded,Teen
19891113NYALN,Fatal,Teen
19891115TXWOA,Wounded,Adult
19891122CACHO,Fatal,Teen
19891204LACAS,Wounded,Teen
19891205PASEM,Wounded,Teen
19891205TXWWD,Wounded,Adult
19891212SCCHC,Wounded,Teen
19900116RICEP,Wounded,Teen
19900116RICEP,Wounded,Teen
19900220OHTAC,Fatal,Teen
19900327NYNEB,Wounded,Teen
19900403TXSKD,Wounded,Teen
19900504CAMOE,Fatal,Teen
19900504CAMOE,Wounded,Teen
19900520TNHIC,Fatal,Adult
19900531TXSUF,Wounded,Teen
19900531TXSUF,Wounded,Teen
19900824NCMYC,Fatal,Teen
19900827NVELL,Fatal,Teen
19900827TXWHD,None,Teen
19900911TXSAS,Wounded,Teen
19900911TXSAS,Wounded,Teen
19900911TXSAS,Wounded,Teen
19900922ALLEB,Wounded,Teen
19900922ALLEB,Wounded,Teen
19901002TXWHD,Wounded,Teen
19901029INCHC,None,0
19901030TXNAG,Wounded,Adult
19901213LASAS,None,0
19910108TXRIR,None,Teen
19910117TXHOD,Wounded,Teen
19910219LABON,Fatal,Teen
19910219LABON,Wounded,Teen
19910313ALSES,Wounded,Teen
19910313ALSES,Wounded,Teen
19910314SCWOP,Wounded,Teen
19910314SCWOP,Wounded,Teen
19910314SCWOP,Wounded,Teen
19910314SCWOP,Wounded,Child
19910325NCGAC,Fatal,0
19910411SCNOR,None,Teen
19910423CARAC,Fatal,Child
19910423MSHUB,Wounded,Teen
19910510OHFRC,Fatal,Teen
19910516KSCOK,Wounded,Teen
19910516KSCOK,Wounded,Teen
19910521CAROS,Fatal,Teen
19910521FLSCP,Wounded,Teen
19910521FLSCP,Wounded,Teen
19910521FLSCP,Fatal,Teen
19910722CAWEL,Wounded,Teen
19910730CAENC,Wounded,Teen
19910913TXMAH,Fatal,Teen
19910917ILWOC,Wounded,Teen
19910918TXCRC,Fatal,Teen
19911002TXSPH,Wounded,Teen
19911004CADOL,Wounded,Teen
19911004CADOL,Wounded,Teen
19911004CAROL,None,0
19911009NYJAB,Fatal,Teen
19911011MAMAR,Wounded,Teen
19911015NHMOS,Wounded,Teen
19911015NHMOS,Wounded,Teen
19911015SCWOW,None,0
19911015TXGEP,Wounded,Teen
19911023TXOAD,Fatal,Teen
19911106LAWAN,Fatal,Teen
19911106LAWAN,Wounded,Teen
19911111TXYSE,Fatal,Teen
19911111TXYSE,Wounded,Teen
19911114TXMIH,Wounded,Teen
19911125NYTHB,Fatal,Teen
19911125NYTHB,Wounded,Adult
19911226NCWHW,Wounded,Adult
19911226NCWHW,Wounded,Adult
19920128LAFRG,Wounded,Teen
19920131LAFRG,Wounded,Teen
19920206OKDOO,Fatal,Teen
19920207VABON,Fatal,Teen
19920207VABON,Wounded,Teen
19920226NYTHB,Fatal,Teen
19920226NYTHB,Fatal,Teen
19920305OHHAO,Wounded,Teen
19920331LAOPA,Fatal,Teen
19920409FLFOF,Wounded,Teen
19920417TXLID,Fatal,Adult
19920501CALIO,Fatal,Adult
19920501CALIO,Wounded,Teen
19920501CALIO,Wounded,Teen
19920501CALIO,Wounded,Teen
19920501CALIO,Wounded,Teen
19920501CALIO,Wounded,Adult
19920501CALIO,Fatal,Teen
19920501CALIO,Fatal,Teen
19920501CALIO,Fatal,Teen
19920501CALIO,Wounded,Teen
19920501CALIO,Wounded,Teen
19920501CALIO,Wounded,Teen
19920501CALIO,Wounded,Teen
19920501CALIO,Wounded,Teen
19920514CASIN,Wounded,Teen
19920514CASIN,Wounded,Teen
19920514TXHUH,Wounded,Teen
19920529CAVEL,Wounded,Teen
19920529CAVEL,Wounded,Teen
19920529CAVEL,Wounded,Teen
19920606CAMEM,Wounded,Adult
19920911TXPAA,Wounded,Teen
19920911TXPAA,Wounded,Teen
19920911TXPAA,Wounded,Teen
19920911TXPAA,Wounded,Teen
19920911TXPAA,Wounded,Teen
19920911TXPAA,Wounded,Teen
19920911TXPAA,Wounded,Teen
19920928CAHIS,Wounded,Teen
19920928CAHIS,Wounded,Teen
19920930TXHOH,Fatal,0
19920930TXHOH,Wounded,0
19921013AZDET,Fatal,Teen
19921019NYEVB,Wounded,Teen
19921019NYEVB,Wounded,Teen
19921019NYEVB,Wounded,Teen
19921104MIFID,Minor Injuries,Teen
19921104MIFID,Minor Injuries,Teen
19921104MIFID,Minor Injuries,Teen
19921104MIFID,Minor Injuries,Teen
19921104MIFID,Minor Injuries,Teen
19921104MIFID,Minor Injuries,Teen
19921104MIFID,Minor Injuries,Teen
19921104MIMAD,Wounded,Teen
19921104MIMUD,Wounded,Teen
19921104MIMUD,Wounded,Teen
19921104MIMUD,Wounded,Teen
19921110ILSHC,None,Teen
19921113TXLAC,Fatal,Adult
19921116ALFAB,Fatal,Teen
19921120ILTIC,Fatal,Teen
19921120ILTIC,Wounded,Teen
19921120ILTIC,Wounded,Teen
19921124ALROM,Wounded,Teen
19921130ILORC,Wounded,Teen
19921203ILWOC,Fatal,Teen
19921203ILWOC,Wounded,Adult
19921214NYWAW,Wounded,Adult
19930105NYBRB,Wounded,Teen
19930112FLNOM,Fatal,Teen
19930118KYEAG,Fatal,Adult
19930118KYEAG,Fatal,Adult
19930121CAFAL,Fatal,Teen
19930121CAFAL,Wounded,Teen
19930201NYAMA,Fatal,Teen
19930201NYAMA,Wounded,Teen
19930201WARER,None,Teen
19930204GACLA,Fatal,Teen
19930208DCWAW,Fatal,0
19930208MNMIM,None,Teen
19930222CAREL,Fatal,Teen
19930226MAGLG,None,Teen
19930308VADOD,Fatal,Adult
19930318GAHAH,Wounded,Teen
19930318GAHAH,Fatal,Teen
19930325MOSUS,Fatal,Teen
19930403CAGRS,Fatal,Teen
19930403CAGRS,Wounded,Teen
19930415MAFOA,Fatal,Adult
19930416CAGRS,Fatal,Adult
19930416WAMOT,None,Adult
19930514TXNII,Fatal,Teen
19930524PAUPP,Fatal,Teen
19930527LAFRN,Fatal,Teen
19930707CADOL,Fatal,Teen
19930803NYTHN,Wounded,Teen
19930831GAHAA,Fatal,Teen
19930901KSJUJ,Wounded,Teen
19930902TXROD,Fatal,Teen
19930916ILROC,Fatal,Teen
19930917ILDOD,Fatal,Teen
19930917WYCES,Minor Injuries,Teen
19930917WYCES,Minor Injuries,Teen
19930917WYCES,Minor Injuries,Teen
19930917WYCES,Minor Injuries,Teen
19930925DCWEW,Fatal,Adult
19930925DCWEW,Fatal,Child
19930928MSCOG,Fatal,Teen
19931012DEDON,None,Teen
19931018DCJHW,Wounded,Teen
19931101ILSUC,Fatal,Teen
19931104CTNEN,Fatal,Teen
19931104FLTEJ,Fatal,Teen
19931104MSBAB,Fatal,Teen
19931111ILRIS,Fatal,Teen
19931201WIWAW,Fatal,Adult
19931202CTNEN,Fatal,Teen
19931208GABES,Fatal,Teen
19931215CACHS,Fatal,Teen
19931217MICHC,Fatal,Adult
19931217MICHC,Wounded,Adult
19931217MICHC,Wounded,Adult
19940120CALOH,Fatal,Teen
19940121TXKEK,None,Teen
19940124SCEAC,Fatal,Teen
19940126DCELW,None,0
19940126DCPAW,None,0
19940127CAWAS,Fatal,Adult
19940131WAWHS,Fatal,Adult
19940208MIOSD,Fatal,Teen
19940218SCSPS,Wounded,Adult
19940301MOKEB,Fatal,Adult
19940301MOKEB,Fatal,Adult
19940303ALENB,Wounded,Teen
19940309DCEAW,Fatal,Teen
19940315SCGOC,Fatal,Teen
19940323WABAS,Fatal,Teen
19940323WABAS,Wounded,Teen
19940325GAETC,None,Teen
19940405TXMCA,Wounded,Teen
19940405TXMCA,Wounded,Teen
19940408MDLAU,Wounded,Adult
19940412MTMAB,Fatal,Child
19940413CA49L,None,Child
19940419DCELW,Fatal,0
19940420INDIS,Wounded,Teen
19940421TNJTN,Fatal,Teen
19940502FLNON,Fatal,Teen
19940525INLAS,Wounded,Teen
19940525NJLAW,None,Teen
19940526KYLAU,None,0
19940724PAMAM,Fatal,Adult
19940725IAOTO,Fatal,Teen
19940907CAHOL,Fatal,Teen
19940908NYSWA,Wounded,Teen
19940919CALOL,Wounded,Teen
19940919CALOL,Wounded,Teen
19940919CALOL,Wounded,Teen
19940922ORLEL,Wounded,Teen
19941012NCGRG,Wounded,Adult
19941017ILHUC,Wounded,Teen
19941031CAALA,None,Teen
19941105CATHS,Fatal,Teen
19941107OHWIW,Fatal,Adult
19941107OHWIW,Wounded,Adult
19941107OHWIW,Wounded,Adult
19941107OHWIW,Wounded,Adult
19941107OHWIW,Wounded,Adult
19941108IAWEM,Wounded,Adult
19941115WASTT,None,Teen
19950105DCCAW,Fatal,Teen
19950110FLPAP,None,Teen
19950112WAGAS,Wounded,Teen
19950112WAGAS,Wounded,Teen
19950123CASAR,Fatal,Adult
19950124DCSPW,Wounded,Teen
19950202CAJOL,Fatal,Teen
19950202CAJOL,Wounded,Teen
19950208NECHS,Wounded,Adult
19950303MIPED,Wounded,Teen
19950327MIRED,Wounded,Teen
19950614FLLAL,Wounded,Teen
19950614FLLAL,Wounded,Teen
19950829TXMEL,Fatal,0
19950912TNCYM,Fatal,Teen
19950914KSOLO,Fatal,Teen
19950914KSOLO,Fatal,Teen
19950914KSOLO,Wounded,Teen
19950914KSOLO,Wounded,Teen
19950914KSOLO,Wounded,Teen
19950914KSOLO,Wounded,Teen
19950915KYGEW,None,Teen
19950927ALBLP,Wounded,Teen
19950929FLTAT,Fatal,Teen
19951012SCBLB,Wounded,Adult
19951012SCBLB,Fatal,Adult
19951023FLLAC,None,Teen
19951030VAJOR,Wounded,Teen
19951030VAJOR,Wounded,Teen
19951030VAJOR,Wounded,Teen
19951030VAJOR,Wounded,Teen
19951102FLBLM,Minor Injuries,Child
19951115TNRIL,Wounded,Adult
19951115TNRIL,Fatal,Adult
19951115TNRIL,Fatal,Teen
19951128NYTHN,Fatal,Teen
19960102PAGIG,None,Teen
19960119DCWIW,Fatal,Teen
19960126TNEAM,Fatal,Teen
19960202WAFRM,Fatal,Teen
19960202WAFRM,Fatal,Adult
19960202WAFRM,Fatal,Teen
19960202WAFRM,Wounded,Teen
19960208CAMIM,Wounded,Teen
19960222GAJES,Fatal,Teen
19960229MOBES,Fatal,Child
19960229MOBES,Fatal,Teen
19960229MOBES,Wounded,Adult
19960311NCNON,None,Teen
19960319NVSWL,Minor Injuries,Teen
19960319NVSWL,Minor Injuries,Teen
19960411ALTAT,Fatal,Teen
19960415DCMCW,Fatal,Adult
19960514UTBIT,Wounded,Adult
19960522CACOC,Fatal,Teen
19960604CAWEH,None,Teen
19960726CAJOL,Wounded,Teen
19960726CAJOL,Wounded,Teen
19960925GADED,Fatal,Adult
19961002PASMP,Fatal,Teen
19961002PASMP,Fatal,Adult
19961004CASTP,Fatal,Teen
19961004CASTP,Wounded,Teen
19961009ARJAS,Fatal,Teen
19961014MOSUS,Fatal,Teen
19961127CAHIS,Fatal,Teen
19970108NYCRN,Fatal,Teen
19970108NYCRN,Wounded,Teen
19970108NYCRN,Wounded,Teen
19970108NYCRN,Wounded,Teen
19970127FLCOW,Fatal,Teen
19970206MSWIJ,Wounded,Teen
19970213NYMOB,Wounded,Teen
19970213NYSAB,Wounded,Teen
19970219AKBEB,Wounded,Teen
19970219AKBEB,Fatal,Teen
19970219AKBEB,Wounded,Teen
19970219AKBEB,Fatal,Adult
19970220FLFIJ,None,Teen
19970221NVRAL,Wounded,Teen
19970317MIPED,Fatal,Teen
19970403CAMAM,Fatal,Teen
19970428CAJOL,Fatal,Teen
19970430NYCIN,Fatal,Teen
19970513FLNOM,Wounded,Teen
19970520OHDUD,Wounded,Teen
19970624ALJEM,Fatal,Teen
19971001MSPEP,Fatal,Teen
19971001MSPEP,Fatal,Teen
19971001MSPEP,Wounded,Teen
19971001MSPEP,Wounded,Teen
19971001MSPEP,Wounded,Teen
19971001MSPEP,Wounded,Teen
19971001MSPEP,Wounded,Teen
19971001MSPEP,Wounded,Teen
19971001MSPEP,Wounded,Teen
19971005OKMOO,Wounded,Teen
19971010INWAG,Fatal,Teen
19971010INWAG,Wounded,Teen
19971010INWAG,Wounded,Teen
19971014TXLAG,None,Teen
19971015FLLIP,Wounded,Teen
19971020CAMCO,Fatal,Teen
19971020CAMCO,Wounded,Teen
19971020CAMCO,Wounded,Adult
19971022CAJON,Fatal,Teen
19971107FLRIJ,Wounded,Teen
19971107FLRIJ,Fatal,Teen
19971113CACRS,Fatal,Adult
19971201KYHEW,Fatal,Teen
19971201KYHEW,Fatal,Teen
19971201KYHEW,Fatal,Teen
19971201KYHEW,Wounded,Teen
19971201KYHEW,Wounded,Teen
19971201KYHEW,Wounded,Teen
19971201KYHEW,Wounded,Teen
19971201KYHEW,Wounded,Teen
19971215ARSTS,Wounded,Teen
19971215ARSTS,Wounded,Teen
19980212NJHOH,Fatal,Adult
19980225MIRER,None,Teen
19980227VAMAF,Fatal,Teen
19980324ARWEJ,Fatal,0
19980324ARWEJ,Wounded,Child
19980324ARWEJ,Wounded,0
19980324ARWEJ,Wounded,Teen
19980324ARWEJ,Wounded,Teen
19980324ARWEJ,Wounded,Child
19980324ARWEJ,Wounded,Adult
19980324ARWEJ,Fatal,0
19980324ARWEJ,Fatal,0
19980324ARWEJ,Fatal,Child
19980324ARWEJ,Fatal,Adult
19980324ARWEJ,Wounded,Teen
19980324ARWEJ,Wounded,Teen
19980324ARWEJ,Wounded,0
19980324ARWEJ,Wounded,0
19980325CAFED,None,Adult
19980325MICOC,None,Teen
19980330NCGRC,None,Teen
19980331WIOAO,None,0
19980423CACUL,Wounded,Teen
19980423CACUL,Wounded,Teen
19980424PAPAE,Fatal,Adult
19980424PAPAE,Wounded,Teen
19980424PAPAE,Wounded,Teen
19980424PAPAE,Wounded,Teen
19980428CAPHP,Fatal,Teen
19980428CAPHP,Wounded,Teen
19980428CAPHP,Wounded,Teen
19980428WIPAP,Wounded,Adult
19980501FLNOM,Wounded,Teen
19980501NYPUB,Fatal,Adult
19980501NYPUB,Wounded,Adult
19980519TNLIF,Fatal,Teen
19980521CARIR,None,Teen
19980521ORTHS,Fatal,Teen
19980521ORTHS,Wounded,Teen
19980521ORTHS,Wounded,Teen
19980521ORTHS,Wounded,Teen
19980521ORTHS,Wounded,Teen
19980521ORTHS,Wounded,Teen
19980521ORTHS,Wounded,Teen
19980521ORTHS,Wounded,Teen
19980521ORTHS,Wounded,Teen
19980521ORTHS,Wounded,Teen
19980521ORTHS,Wounded,Teen
19980521ORTHS,Fatal,Teen
19980521ORTHS,Wounded,Teen
19980521ORTHS,Wounded,Teen
19980521ORTHS,Wounded,Teen
19980521ORTHS,Wounded,Teen
19980521ORTHS,Wounded,Teen
19980521ORTHS,Wounded,Teen
19980521ORTHS,Wounded,Teen
19980521ORTHS,Wounded,Teen
19980521ORTHS,Wounded,Teen
19980521ORTHS,Wounded,Teen
19980521ORTHS,Wounded,Teen
19980521ORTHS,Wounded,Teen
19980521ORTHS,Wounded,Teen
19980521ORTHS,Wounded,Teen
19980521ORTHS,Wounded,Teen
19980521WAONO,None,Teen
19980527CAWAP,Fatal,Teen
19980527CAWAP,Fatal,Teen
19980529FLSTF,Fatal,Adult
19980615VAARR,Wounded,Adult
19980615VAARR,Wounded,Adult
19980911CAHEG,Wounded,Teen
19980930FLLEL,None,Teen
19980930FLNOM,Wounded,Teen
19980930FLNOM,Wounded,Teen
19980930FLNOM,Wounded,Adult
19981103PAMAP,Fatal,Teen
19981130NYHAH,None,Teen
19981203INERG,Wounded,Adult
19981211INBEI,Wounded,Child
19990108GACEC,None,0
19990114NYHAN,Wounded,Teen
19990114NYHAN,Wounded,Teen
19990121TXRIN,None,Teen
19990211ILOME,Fatal,Teen
19990211MSJEP,None,Adult
19990304ILNIS,Wounded,Adult
19990416IDNON,None,0
19990420COCOL,Fatal,Teen
19990420COCOL,Fatal,Adult
19990420COCOL,Fatal,Teen
19990420COCOL,Fatal,Teen
19990420COCOL,Fatal,Teen
19990420COCOL,Wounded,Teen
19990420COCOL,Wounded,Teen
19990420COCOL,Wounded,Teen
19990420COCOL,Wounded,Teen
19990420COCOL,Wounded,Teen
19990420COCOL,Wounded,Teen
19990420COCOL,Fatal,Teen
19990420COCOL,Wounded,Teen
19990420COCOL,Wounded,Teen
19990420COCOL,Wounded,Teen
19990420COCOL,Wounded,Teen
19990420COCOL,Wounded,Teen
19990420COCOL,Wounded,Adult
19990420COCOL,Wounded,Teen
19990420COCOL,Wounded,Teen
19990420COCOL,Wounded,Teen
19990420COCOL,Wounded,Teen
19990420COCOL,Fatal,Teen
19990420COCOL,Wounded,Teen
19990420COCOL,Wounded,Teen
19990420COCOL,Wounded,Adult
19990420COCOL,Wounded,Teen
19990420COCOL,Wounded,Teen
19990420COCOL,Wounded,Teen
19990420COCOL,Wounded,Teen
19990420COCOL,Wounded,Teen
19990420COCOL,Fatal,Teen
19990420COCOL,Fatal,Teen
19990420COCOL,Fatal,Teen
19990420COCOL,Fatal,Teen
19990420COCOL,Fatal,Teen
19990420COCOL,Fatal,Teen
19990422GAMAA,Fatal,Teen
19990422LASCB,Wounded,Teen
19990520GAHEC,Wounded,Teen
19990520GAHEC,Wounded,Teen
19990520GAHEC,Wounded,Teen
19990520GAHEC,Wounded,Teen
19990520GAHEC,Wounded,Teen
19990520GAHEC,Wounded,Teen
19990825GAJAM,None,Teen
19990909CASAS,None,Teen
19990927FLEGT,Wounded,Child
19991004SDJOP,Wounded,Adult
19991011NVCLL,Wounded,Teen
19991011NVCLL,Wounded,Teen
19991021CASAP,Wounded,Teen
19991026PAMAP,Fatal,Teen
19991026WVGUB,Fatal,Adult
19991117TXDID,Wounded,Teen
19991119NMDED,Fatal,Teen
19991206OKFOF,Wounded,0
19991206OKFOF,Wounded,Teen
19991206OKFOF,Wounded,Teen
19991206OKFOF,Wounded,Teen
19991206OKFOF,Wounded,Teen
20000110AKBAA,None,Teen
20000113NMALA,None,0
20000119FLRIN,Fatal,Teen
20000120NCERA,None,0
20000126CAALM,None,Teen
20000126NESOO,Wounded,Teen
20000210PAPEY,None,Teen
20000214ILDUC,Wounded,Child
20000229MIBUF,Fatal,Child
20000310GABES,Fatal,Teen
20000310GABES,Fatal,Teen
20000310GABES,Wounded,Teen
20000323OHMCL,None,0
20000406OKHUH,Wounded,Adult
20000410AZLAT,None,Adult
20000502COTHD,None,Teen
20000510AZCAS,Fatal,Adult
20000526FLLAL,Fatal,Adult
20000717WADIR,None,0
20000726OHTIC,Fatal,Teen
20000905OHBIB,Fatal,Adult
20000907ILLOR,Fatal,Teen
20000918OHMOM,None,0
20000926LACAN,Wounded,Teen
20000926LACAN,Wounded,Teen
20001005MNMIM,Wounded,Adult
20001005MNMIM,Wounded,Teen
20001024AZPIG,None,0
20001101TXNEC,None,0
20001201CAGRL,None,Teen
20001201CAJUS,None,Teen
20001207CARIR,Fatal,Teen
20001221FLNOM,Fatal,Adult
20010103CABAS,None,Teen
20010110CAHUO,None,Teen
20010117MDLAB,Fatal,Teen
20010202MIOSD,Wounded,Teen
20010202MIOSD,Wounded,Teen
20010202MIOSD,Wounded,Adult
20010302CAHOS,None,Teen
20010305CASAS,Fatal,Teen
20010305CASAS,Wounded,Teen
20010305CASAS,Wounded,Teen
20010305CASAS,Wounded,Teen
20010305CASAS,Wounded,Teen
20010305CASAS,Wounded,Adult
20010305CASAS,Wounded,Adult
20010305CASAS,Fatal,Teen
20010305CASAS,Wounded,Teen
20010305CASAS,Wounded,Teen
20010305CASAS,Wounded,Teen
20010305CASAS,Wounded,Teen
20010305CASAS,Wounded,Teen
20010305CASAS,Wounded,Teen
20010305CASAS,Wounded,Teen
20010306MDLAL,Wounded,Teen
20010307PABIW,Wounded,Teen
20010307WAKEC,None,0
20010322CAGRE,Wounded,Teen
20010322CAGRE,Wounded,Teen
20010322CAGRE,Wounded,Teen
20010322CAGRE,Wounded,Adult
20010322CAGRE,Wounded,Adult
20010330INLEG,Fatal,Teen
20010402TXKLH,None,Teen
20010410WAWAM,None,0
20010420LAMOM,None,0
20010425OHJOC,Fatal,Adult
20010515TXENE,None,Teen
20010607TXOUA,Fatal,Adult
20010730CABEL,Wounded,Adult
20010912KYLAC,Fatal,Adult
20010921MDLAB,Wounded,Teen
20011012UTTAT,None,Teen
20011026CARER,Wounded,Teen
20011026MIBES,Wounded,Teen
20011112MICAC,None,Teen
20011130TXFRF,None,0
20020111MSRAJ,None,0
20020115NYMAN,Wounded,Teen
20020115NYMAN,Wounded,Teen
20020124PAOLO,None,0
20020201TXBRB,Wounded,Adult
20020201TXBRB,Wounded,Adult
20020206CAGAL,Wounded,Teen
20020206CAGAL,Wounded,Teen
20020207ILROC,Wounded,Teen
20020207ILROC,Wounded,Teen
20020207ILROC,Wounded,Teen
20020322CAJOC,None,Adult
20020406MDLEB,Fatal,Teen
20020426LAABN,Fatal,Adult
20021004MTCMG,None,Teen
20021004TXPAS,None,Teen
20021007MDBEB,Wounded,Teen
20021029NJLIJ,Wounded,Teen
20021107MOSTL,Wounded,Adult
20021107MOSTL,Fatal,Child
20021115CAAML,Wounded,0
20021115CAAML,Wounded,0
20021115TXSCS,None,0
20021202MIOSD,None,Teen
20021212WAWIC,Minor Injuries,Teen
20021212WAWIC,Minor Injuries,Teen
20021216ILENC,Fatal,Teen
20021216ILENC,Wounded,Teen
20030121KYWEO,None,Child
20030130OKJEJ,None,0
20030205CORAW,None,Teen
20030318IACLG,None,Teen
20030321MSNOM,None,Teen
20030330CAROW,Fatal,Adult
20030401DCCAW,Wounded,Teen
20030414LAFAS,Wounded,Teen
20030414LAJON,Fatal,Teen
20030414LAJON,Wounded,Teen
20030414LAJON,Wounded,Teen
20030414LAJON,Wounded,Teen
20030414LAJON,Wounded,Teen
20030416TXGRA,None,0
20030424PARER,Fatal,Adult
20030513PAFOJ,None,Teen
20030604PAROW,None,0
20030910MSVIV,Fatal,Teen
20030917MACHB,Wounded,Teen
20030917MACHB,Wounded,Adult
20030917MDOKE,None,0
20030922WALES,Wounded,Teen
20030924MNROC,Fatal,Teen
20030924MNROC,Fatal,Teen
20030925NCBUL,None,0
20031001CARIS,Wounded,Adult
20031007OHKEA,Wounded,Teen
20031029LAMAM,None,0
20031030DCANW,Fatal,Teen
20031030DCANW,Wounded,Teen
20031108TXHIS,Fatal,Teen
20031113NCEAC,Wounded,Teen
20031113NCEAC,Wounded,Teen
20031202ILFEC,None,Teen
20031204OKDOO,Wounded,Teen
20031205ILCAC,Wounded,Adult
20031217MDOLM,None,0
20031222NJCOW,Wounded,Teen
20031229FLABE,Wounded,Teen
20031229FLABE,Fatal,Teen
20040115CAPOP,Wounded,Teen
20040121NVFAH,Fatal,Adult
20040202DCBAW,Fatal,Teen
20040203TXYOH,None,0
20040206LAFAS,None,0
20040209NYCOE,Wounded,Adult
20040211PATMP,Fatal,Child
20040211PATMP,Wounded,Adult
20040213OHCOD,Wounded,Teen
20040220LAGAS,Fatal,Teen
20040305CASAL,Wounded,Teen
20040305CASAL,Wounded,Teen
20040317WACRJ,None,Teen
20040504TXKAH,None,0
20040507MDRAR,Wounded,Teen
20040507MDRAR,Wounded,Teen
20040507MDRAR,Wounded,Teen
20040507MDRAR,Wounded,Teen
20040512CAEAM,Wounded,Teen
20040512CAEAM,Wounded,Teen
20040524UTWES,Fatal,Adult
20040609CACAO,Wounded,Teen
20040609CACAO,Wounded,Teen
20040803ALHUB,Wounded,Teen
20040824TNHAM,None,Teen
20040830ILPRM,Fatal,Adult
20040912LABON,Wounded,Teen
20040915INWIG,None,0
20041002NEJEG,Wounded,0
20041007MANEN,None,Teen
20041012CALAS,None,Adult
20041015CABIB,Wounded,Teen
20041021MDTHB,Wounded,Teen
20041021MDTHB,Wounded,Teen
20041022CATYH,Fatal,Adult
20041115ALPAB,Wounded,Teen
20041115INBRG,Wounded,Adult
20041116SCBAB,Wounded,Teen
20041117FLAPA,None,0
20041119FLTEJ,Wounded,Teen
20041209WALAS,None,Teen
20041213LALAL,Wounded,Teen
20041231TXRIR,Wounded,Adult
20050105PAMUN,Fatal,Teen
20050126ILWOP,None,Teen
20050204GAMCA,Wounded,Teen
20050208ILBOC,Wounded,Teen
20050302TNSTD,Fatal,Adult
20050309TNMAN,Wounded,Teen
20050310TXZAD,Wounded,Adult
20050314OHLEC,Wounded,Child
20050316PACAP,Fatal,Teen
20050316PACAP,Wounded,Teen
20050316PACAP,Wounded,Teen
20050317CALOL,Fatal,Teen
20050317LAOPA,Wounded,Teen
20050321MNRER,Fatal,Adult
20050321MNRER,Wounded,Teen
20050321MNRER,Wounded,Teen
20050321MNRER,Wounded,Teen
20050321MNRER,Wounded,Teen
20050321MNRER,Fatal,Teen
20050321MNRER,Fatal,Teen
20050321MNRER,Fatal,Teen
20050321MNRER,Fatal,Adult
20050321MNRER,Fatal,Teen
20050321MNRER,Fatal,Teen
20050321MNRER,Fatal,Teen
20050321MNRER,Wounded,Teen
20050321NYNEB,None,Teen
20050324TNFAM,None,Teen
20050330TNEAM,None,Teen
20050407TXCAC,Wounded,Adult
20050427LALER,None,0
20050429OHDAC,Wounded,Adult
20050514TXBER,Wounded,Teen
20050517PAHIL,Fatal,Adult
20050520ILLOM,Wounded,Teen
20050520ILLOM,Wounded,Teen
20050524COACD,Wounded,Adult
20050524COACD,Wounded,Adult
20050524LABOS,None,Teen
20050608NYARP,Wounded,Teen
20050608NYARP,Wounded,Teen
20050612NJBAA,Wounded,Adult
20050612NJBAA,Wounded,Teen
20050612NJBAA,Wounded,0
20050718NJWEN,Fatal,Adult
20050718NJWEN,Fatal,Adult
20050816VICOE,Wounded,Adult
20050817CAPLB,Fatal,Teen
20050819GAMOM,Wounded,Teen
20050819GAMOM,Wounded,0
20050825TNMAD,Wounded,0
20050901AKDIA,None,Teen
20050901AKDIA,None,Teen
20050902FLSOJ,Wounded,Teen
20050913ILHAC,Wounded,Teen
20050924MISAS,Wounded,Teen
20050924MISAS,Wounded,Teen
20051011MIFAF,None,0
20051014NYSAN,Wounded,Teen
20051019CASAS,Wounded,Teen
20051020MISAS,Wounded,Teen
20051027CABIF,Fatal,Adult
20051028MDANA,Wounded,Teen
20051028NYFAF,None,Adult
20051108TNCAJ,Wounded,Adult
20051108TNCAJ,Wounded,Adult
20051108TNCAJ,Fatal,Adult
20051115FLPAM,Wounded,Teen
20051116TXIRS,Fatal,Adult
20051205MABOR,None,0
20051206CASAG,Fatal,Teen
20051206MICED,Wounded,0
20060103NJLIJ,Wounded,Teen
20060103NJLIJ,Wounded,Teen
20060110DEMOW,Wounded,Teen
20060111WIMAM,Wounded,Child
20060113ALPIP,Wounded,Teen
20060113FLMIL,None,Teen
20060113MIOSD,None,Adult
20060118MTFRA,Wounded,Teen
20060118TXPAA,Wounded,0
20060118VAINC,None,Teen
20060119OHWIC,Wounded,Teen
20060119OHWIC,Wounded,Teen
20060123CAWIV,Wounded,Teen
20060127TXLAG,Wounded,Teen
20060127TXLAG,Wounded,Teen
20060130MTCMG,None,Teen
20060203CALOC,Wounded,Child
20060209DEWIN,Wounded,Teen
20060215PAWEY,None,Adult
20060221PAWEP,Wounded,Teen
20060223ORROR,Wounded,Teen
20060310NYISN,Wounded,Teen
20060310NYISN,Wounded,Teen
20060314NVPIR,Wounded,Teen
20060314NVPIR,Wounded,Teen
20060405DCROW,Wounded,Teen
20060405DCROW,Wounded,Teen
20060418TXWEH,Wounded,Teen
20060418TXWEH,Wounded,Teen
20060424NCEAC,None,0
20060505FLPAM,Fatal,Teen
20060522SCBUI,None,0
20060525PANON,None,0
20060605CAVEL,Fatal,Teen
20060606INWIG,Fatal,0
20060615MIPED,Wounded,Teen
20060731FLYOT,Fatal,Adult
20060815KYJTV,None,0
20060817TXMEA,Fatal,0
20060819OHSOY,Fatal,Adult
20060820GALYH,Wounded,Teen
20060820GALYH,Wounded,Teen
20060821INCAN,None,Teen
20060824VTESE,Fatal,Adult
20060829DCANW,None,0
20060830NCORH,Wounded,Teen
20060830NCORH,Wounded,Teen
20060831ALOXO,Wounded,0
20060905TNKIM,Wounded,Teen
20060908TXSOF,Wounded,Teen
20060913MOWEC,None,Teen
20060921DCCAW,Wounded,Teen
20060927COPLB,Fatal,Teen
20060929WIWEC,Fatal,Adult
20061002PAWEN,Fatal,Child
20061002PAWEN,Wounded,Child
20061002PAWEN,Fatal,Teen
20061002PAWEN,Fatal,Child
20061002PAWEN,Fatal,Child
20061002PAWEN,Fatal,0
20061002PAWEN,Wounded,Child
20061002PAWEN,Wounded,Child
20061002PAWEN,Wounded,Child
20061002PAWEN,Wounded,Child
20061009MOMEJ,None,0
20061010NYPOP,Wounded,0
20061010NYPOP,Wounded,0
20061012MDGRB,None,0
20061017TXSEK,None,Teen
20061031TNHAK,Fatal,Adult
20061111CALIO,Fatal,Adult
20061111CALIO,Wounded,Teen
20061122GASAA,Fatal,Teen
20061201NCJOT,Fatal,Adult
20061207NENOO,Wounded,Teen
20061211ILCLC,Wounded,Adult
20061212PASPS,None,Teen
20061213PABAB,Wounded,Teen
20061214PAMCC,None,Teen
20070102NCWEF,None,Teen
20070103WAHET,Fatal,Teen
20070104MINOD,Wounded,Teen
20070108OHROC,None,Adult
20070109CAGRV,Wounded,Teen
20070109CAGRV,Wounded,Teen
20070109NVWEL,Wounded,Teen
20070109NVWEL,Wounded,Teen
20070118PAWIP,Wounded,Teen
20070124TNHAS,None,Teen
20070131ILHIC,Wounded,Teen
20070207FLPAJ,None,Adult
20070208ORCRP,None,Teen
20070208TXSTP,Minor Injuries,Teen
20070226CASLA,Wounded,0
20070226CASLA,Wounded,0
20070227GACLA,Wounded,Child
20070307CACEC,Wounded,Teen
20070307MIHEM,Wounded,Teen
20070307TXGRG,None,Teen
20070308TNEAC,None,Adult
20070323FLUNO,Wounded,Child
20070327CTSAH,Wounded,Teen
20070329SCMYM,None,Teen
20070410ILCHC,Wounded,Teen
20070410ORSPG,Wounded,Teen
20070410ORSPG,Wounded,Teen
20070410ORSPG,Wounded,Teen
20070410ORSPG,Wounded,Teen
20070410ORSPG,Wounded,Teen
20070410ORSPG,Wounded,Teen
20070410ORSPG,Wounded,Teen
20070410ORSPG,Wounded,Teen
20070410ORSPG,Wounded,Teen
20070410ORSPG,Wounded,Teen
20070418NCNOH,None,0
20070503OHGED,Wounded,Adult
20070504TXTIE,None,Teen
20070510MIHED,Wounded,Teen
20070510MIHED,Wounded,Teen
20070512TXWEM,Wounded,Teen
20070515TXLIL,None,0
20070523RIOAC,Wounded,Teen
20070530NCVAG,Wounded,Adult
20070531NCNOG,Minor Injuries,Child
20070531NCNOG,Minor Injuries,Child
20070531NCNOG,Minor Injuries,Child
20070617SCBRB,Wounded,Adult
20070628TXDAD,Wounded,Teen
20070628TXDAD,Wounded,Teen
20070709ILCAC,Wounded,Teen
20070709ILCAC,Wounded,Teen
20070804NJMON,Fatal,Teen
20070804NJMON,Fatal,Adult
20070804NJMON,Fatal,Teen
20070804NJMON,Wounded,Teen
20070928CALAO,None,0
20070930AZSSP,Wounded,0
20070930AZSSP,Wounded,0
20071001CTPLM,Wounded,Teen
20071010OHSUC,Wounded,Adult
20071010OHSUC,Wounded,Adult
20071010OHSUC,Wounded,Teen
20071010OHSUC,Wounded,Teen
20071024TNMAM,Wounded,Teen
20071105LAJOR,None,Teen
20071126NYHOH,None,0
20071221CABAU,Fatal,Teen
20080204TNHAM,Wounded,Teen
20080211TNMIM,Wounded,Teen
20080214CAEOO,Fatal,Teen
20080306ALDAM,None,Teen
20080416CAROF,Fatal,Teen
20080516LAMAT,None,Teen
20080811WAWAK,None,Child
20080814WALAF,Fatal,Adult
20080821TNCEK,Fatal,Teen
20080902OHSOW,None,0
20080915CAMIS,None,Teen
20080919CAGEA,Wounded,0
20080919CAGEA,Wounded,Teen
20081016MIHED,Fatal,Teen
20081016MIHED,Wounded,Teen
20081016MIHED,Wounded,Teen
20081016MIHED,Wounded,Teen
20081020CAVAA,None,Teen
20081023ALPRP,Wounded,Adult
20081029CAELG,Wounded,Adult
20081031MESTS,None,0
20081103CABEB,Fatal,Teen
20081103CAELO,None,0
20081112FLDIF,Fatal,Teen
20081115COTHL,Fatal,Adult
20081115UTDES,Fatal,Teen
20081118CACEC,Wounded,Teen
20081118CACOO,None,0
20081125TXNOH,Wounded,0
20081130CAOAG,Wounded,Teen
20081202CAKIK,Wounded,Teen
20081202CAKIK,Fatal,Child
20081205MNSHF,None,Adult
20081212NCGUA,Fatal,Teen
20081212NYWIM,Wounded,Teen
20081221SCSUS,Wounded,Teen
20081222FLLAL,None,Adult
20081227PAWIP,Wounded,Adult
20081227PAWIP,Wounded,Adult
20081231GASHS,Wounded,Adult
20081231OKKEN,None,Adult
20090108DEWIN,Wounded,Teen
20090108DEWIN,Wounded,Adult
20090109ILDUC,Wounded,Teen
20090109ILDUC,Wounded,Teen
20090109ILDUC,Wounded,Teen
20090109ILDUC,Wounded,Teen
20090109ILDUC,Wounded,Teen
20090114ILPEC,Wounded,Teen
20090114ILPEC,Wounded,Teen
20090114ILPEC,Wounded,Teen
20090120ILCOC,Wounded,Teen
20090120MIBEM,Wounded,Teen
20090120MIBEM,Wounded,Teen
20090120MIBEM,Wounded,Teen
20090120MIBEM,Wounded,Teen
20090120PAEAE,Wounded,0
20090123ILCAC,Fatal,Teen
20090127NCCLC,None,0
20090210CABAE,None,0
20090211NCSCZ,Wounded,Teen
20090217MICED,Wounded,Teen
20090220CAJOH,None,Adult
20090220CAJOH,None,Child
20090223CTBRN,None,Teen
20090302SDROS,None,Child
20090306NCWEF,Wounded,Teen
20090310FLRIJ,None,0
20090311TXCYH,None,0
20090413CALOL,Wounded,Teen
20090501WISHS,None,Teen
20090505NYCAC,None,Teen
20090518LALAL,None,Teen
20090615CAINS,Wounded,Teen
20090615CAINS,Wounded,Teen
20090615CAINS,Wounded,Teen
20090624IAAPP,Fatal,Adult
20090827NCWEF,None,Adult
20090908CTSTS,None,0
20090916VAVIG,None,0
20090916VAVIG,None,0
20091008NYMAM,Wounded,Teen
20091016SCCAC,Fatal,Teen
20091030CAWIL,Fatal,Teen
20091030CAWIL,Wounded,Teen
20091030CAWIL,Wounded,Teen
20091106PAHAW,Wounded,Teen
20091211LABOS,Wounded,Teen
20100120ALLIL,Wounded,Adult
20100205ALDIM,Fatal,Teen
20100210TNINK,Wounded,Adult
20100210TNINK,Wounded,Adult
20100223CODEL,Wounded,Teen
20100223CODEL,Wounded,Teen
20100226WABIT,Fatal,Adult
20100428VAWOP,None,0
20100518CASOS,Wounded,Teen
20100830TNSUB,Fatal,Adult
20100908MIMUD,Wounded,Teen
20100908MIMUD,Wounded,Teen
20100921SCSOC,Wounded,Adult
20101001CAALS,Fatal,Teen
20101008CAKEC,Wounded,Child
20101008CAKEC,Wounded,Child
20101023KSTOT,Fatal,Teen
20101023KSTOT,Wounded,Teen
20101129WIMAM,None,Teen
20101206COAUA,Wounded,Teen
20110104INCRC,None,0
20110105NEMIO,Fatal,Adult
20110105NEMIO,Wounded,Adult
20110118CAGAL,Wounded,Teen
20110118CAGAL,Wounded,Teen
20110202CALOP,Fatal,Adult
20110325INMAM,Wounded,Teen
20110330TXWOH,Fatal,0
20110330TXWOH,Wounded,Teen
20110330TXWOH,Wounded,0
20110330TXWOH,Wounded,0
20110330TXWOH,Wounded,0
20110330TXWOH,Wounded,0
20110413FLSHA,Wounded,Teen
20110419TXBEH,Wounded,Child
20110419TXBEH,Wounded,Child
20110419TXBEH,Wounded,Child
20110517WAHOE,Wounded,Teen
20110523HIHIP,Wounded,Teen
20110923WAISS,None,Adult
20110930NCGAC,Wounded,Teen
20110930ORWIP,None,0
20111024NCCAF,Wounded,Teen
20111212TXHAE,Wounded,Teen
20111212TXHAE,Wounded,Teen
20111228MINOF,Wounded,0
20120104TXCUB,None,Child
20120110TXNOH,Wounded,Teen
20120210NHWAW,None,Teen
20120222WAARB,Wounded,Child
20120227OHCHC,Fatal,Teen
20120227OHCHC,Fatal,Teen
20120227OHCHC,Fatal,Teen
20120227OHCHC,Wounded,Teen
20120227OHCHC,Wounded,Teen
20120227OHCHC,Wounded,Teen
20120306FLEPJ,Fatal,Adult
20120315ALLEM,None,Teen
20120401ARKIR,Wounded,Teen
20120525AZWEA,Fatal,Adult
20120525NCMAC,Fatal,Adult
20120706RINAP,Fatal,Teen
20120816TNHAM,None,Teen
20120816TNHAM,None,Teen
20120824GABAH,None,Teen
20120827MDPEP,Wounded,Teen
20120907ILNON,None,0
20120926OKSTS,None,Teen
20121012NDFAF,None,Teen
20121019ILBAC,Fatal,Teen
20121210TXSPH,None,0
20121214CTSAN,Fatal,Child
20121214CTSAN,Fatal,Child
20121214CTSAN,Fatal,Adult
20121214CTSAN,Fatal,Child
20121214CTSAN,Fatal,Child
20121214CTSAN,Fatal,Child
20121214CTSAN,Fatal,Child
20121214CTSAN,Fatal,Child
20121214CTSAN,Fatal,Child
20121214CTSAN,Fatal,Child
20121214CTSAN,Fatal,Adult
20121214CTSAN,Fatal,Child
20121214CTSAN,Fatal,Child
20121214CTSAN,Fatal,Child
20121214CTSAN,Fatal,Child
20121214CTSAN,Fatal,Child
20121214CTSAN,Fatal,Child
20121214CTSAN,Fatal,Child
20121214CTSAN,Fatal,Child
20121214CTSAN,Fatal,Adult
20121214CTSAN,Fatal,Child
20121214CTSAN,Fatal,Adult
20121214CTSAN,Fatal,Child
20121214CTSAN,Fatal,Child
20121214CTSAN,Fatal,Adult
20121214CTSAN,Fatal,Adult
20130107FLAPF,Fatal,Adult
20130110CATAT,Wounded,Teen
20130110CATAT,Wounded,Teen
20130111MIOSD,Wounded,Teen
20130131GAPRA,Wounded,Teen
20130201MIMAD,Wounded,Teen
20130201MIMAD,Fatal,Teen
20130213CAHIS,Fatal,Teen
20130227GAGRA,None,Teen
20130321MIDAS,None,Teen
20130416TXTET,None,Teen
20130429OHLAC,None,Teen
20130430NMTUT,None,Teen
20130513ALOSB,None,0
20130523FLREH,Wounded,0
20130618NCHIC,Wounded,Adult
20130619FLALW,Fatal,Adult
20130619FLALW,Fatal,Adult
20130815TNNOC,Fatal,Adult
20130820GAROD,None,0
20130822TNWEM,None,0
20130823MSNOS,Fatal,Teen
20130823MSNOS,Wounded,Teen
20130823MSNOS,Wounded,Teen
20130830NCCAW,Wounded,Teen
20130927ILROC,Wounded,Teen
20130928MENEG,None,Teen
20131002NHWIS,None,0
20131004FLAGP,Wounded,Teen
20131004FLAGP,Wounded,Teen
20131015TXLAA,None,Teen
20131021NVSPS,Wounded,0
20131021NVSPS,Wounded,0
20131021NVSPS,Fatal,Adult
20131023CANEC,Wounded,Child
20131023CANEC,Wounded,Child
20131023CANEC,Wounded,Child
20131101IAALA,None,Adult
20131103GASTL,Wounded,Teen
20131113PABRP,Wounded,Teen
20131113PABRP,Wounded,Teen
20131113PABRP,Wounded,Teen
20131204FLWEW,Wounded,Teen
20131213COARC,Fatal,Teen
20131219CAEDF,Wounded,Adult
20140109TNLIJ,Wounded,Teen
20140113CTHIN,Wounded,Teen
20140114LASTB,Wounded,Teen
20140114NMBER,Wounded,Teen
20140114NMBER,Wounded,Teen
20140114PAKIL,None,0
20140117PADEP,Wounded,Teen
20140117PADEP,Wounded,Teen
20140127ILREC,Wounded,Adult
20140128HIPRH,Wounded,Teen
20140131AZCEP,None,0
20140131IANOD,Wounded,Teen
20140207ORBEB,None,Teen
20140210NCSAS,Wounded,Teen
20140211OHCHL,None,0
20140220MIRAR,Fatal,Adult
20140307LAMAT,Wounded,Teen
20140312FLACM,Fatal,Adult
20140325GABEC,None,0
20140403NJUNN,None,0
20140409NCDHG,None,0
20140410OHLIC,Wounded,Teen
20140410OHLIC,Wounded,Teen
20140411MIEAD,Fatal,Teen
20140421INSTG,Fatal,Adult
20140421UTPRP,None,Teen
20140503WAHOE,Wounded,Teen
20140514CAJOR,Wounded,Teen
20140521WICLM,Fatal,Child
20140610ORRET,Fatal,Teen
20140610ORRET,Wounded,Teen
20140623MOKEB,Fatal,Teen
20140813MDHEF,None,0
20140814VASAN,Fatal,Teen
20140814VASAN,Fatal,Teen
20140814VASAN,Wounded,Teen
20140909FLSTM,Wounded,0
20140910FLGRL,None,Teen
20140911UTWET,None,Adult
20140919IANOD,Wounded,Teen
20140925NHWEM,None,0
20140930KYFEL,Wounded,Teen
20140930NCALA,Wounded,Teen
20141003GALAF,Fatal,Teen
20141021TNAMM,Wounded,Teen
20141024GALAA,Wounded,Teen
20141024WAMAM,Fatal,Teen
20141024WAMAM,Fatal,Teen
20141024WAMAM,Fatal,Teen
20141024WAMAM,Fatal,Teen
20141024WAMAM,Wounded,Teen
20141024WAMAM,Wounded,Teen
20141024WAMAM,Wounded,Teen
20141120FLMIM,Fatal,Teen
20141120FLMIM,Wounded,Teen
20141212ORROP,Wounded,Teen
20141212ORROP,Wounded,Teen
20141212ORROP,Wounded,Teen
20141212ORROP,Wounded,Teen
20141216PASUP,Fatal,Teen
20141217MEBEW,None,Adult
20141217MIGOW,Wounded,Teen
20150115WIWIM,Wounded,Teen
20150115WIWIM,Wounded,Adult
20150115WIWIM,Wounded,Adult
20150116FLVAO,Wounded,Teen
20150116FLVAO,Wounded,Teen
20150120ALWIM,Wounded,Adult
20150122SCROH,None,0
20150126MNHAR,None,Adult
20150204MDFRF,Wounded,Teen
20150204MDFRF,Wounded,Teen
20150215ARLAL,Wounded,Adult
20150215ARLAL,Wounded,Teen
20150215CATEM,Fatal,Teen
20150330MOPEU,Wounded,Adult
20150417TXSES,None,Teen
20150422NVRUL,None,0
20150427WANOL,None,0
20150428MDDRW,Wounded,Adult
20150504OHWIC,Fatal,Adult
20150504OHWIC,Wounded,Adult
20150505GACOC,None,0
20150512AZCOT,None,Teen
20150512FLUNJ,Wounded,Teen
20150512FLUNJ,Wounded,Teen
20150520TXROR,None,Teen
20150524MISOF,Wounded,0
20150524MISOF,Wounded,0
20150524MISOF,Wounded,0
20150524MISOF,Wounded,0
20150524MISOF,Wounded,0
20150524MISOF,Wounded,0
20150524MISOF,Wounded,0
20150527FLEVE,Wounded,Adult
20150604NCSOF,None,0
20150623NEFOF,None,0
20150627CTSAH,Fatal,Teen
20150627CTSAH,Wounded,Teen
20150627CTSAH,Wounded,Teen
20150627CTSAH,Wounded,Teen
20150629TXJOS,None,Adult
20150705TXCOD,Wounded,Teen
20150724TXELC,Fatal,Teen
20150808TXPAP,None,0
20150823TXWIR,None,0
20150825GAWSA,Wounded,Child
20150903ORNEN,None,0
20150911LANOL,Wounded,Teen
20150922NCCES,Wounded,Adult
20150930SDHAH,Wounded,Adult
20151015TXKAS,None,0
20151024TXEDS,Fatal,Adult
20151105GAVEM,None,0
20151111ARSUS,Wounded,Teen
20151120FLNAM,None,0
20151204KSWEW,Wounded,Teen
20160112DECED,None,0
20160113ARHAB,Wounded,Teen
20160120INNOI,None,0
20160122INLAI,Wounded,Teen
20160129PABEP,None,0
20160209MIMUM,Wounded,Teen
20160209MIMUM,Wounded,Teen
20160209MIMUM,Wounded,Teen
20160212AZING,Fatal,Teen
20160217FLROH,None,0
20160217PACHC,Wounded,Teen
20160226TXPAP,Wounded,Adult
20160226TXPAP,Wounded,Adult
20160229OHMAM,Wounded,Teen
20160229OHMAM,Wounded,Teen
20160229OHMAM,Wounded,Teen
20160229OHMAM,Wounded,Teen
20160315ALHUB,Wounded,Teen
20160423WIANA,Wounded,Teen
20160423WIANA,Wounded,Teen
20160502TXKID,None,Teen
20160504COEAP,Wounded,Adult
20160505MDHIB,Fatal,Adult
20160505MDHIB,Wounded,Adult
20160506FLOSP,None,Adult
20160506IDROT,None,0
20160513SCSOG,None,Teen
20160515KSAUA,Wounded,Adult
20160608MAJED,Fatal,Teen
20160608MAJED,Wounded,Teen
20160608MAJED,Wounded,Teen
20160608MAJED,Wounded,Adult
20160616ILMCC,Fatal,Adult
20160630CAWOH,Wounded,Adult
20160725MOAVA,Wounded,Teen
20160817OHWEC,Wounded,Teen
20160817OHWEC,Wounded,Teen
20160819FLSOM,None,0
20160902OKMCT,Wounded,Teen
20160907MIDED,None,Adult
20160908TXALA,Wounded,Teen
20160908TXALA,Wounded,Teen
20160909IACEC,None,Teen
20160909PASMY,Wounded,Adult
20160909PASMY,Wounded,Teen
20160926MSTAJ,Wounded,Teen
20160927OHELC,Wounded,Adult
20160927OHELC,Wounded,Adult
20160927OHELC,Wounded,Teen
20160928SCTOT,Fatal,Child
20160928SCTOT,Wounded,Child
20160928SCTOT,Wounded,Adult
20160928SCTOT,Wounded,Child
20160930ILCHC,Wounded,Adult
20161006TXDUF,Wounded,Teen
20161011ALVIM,Wounded,Teen
20161013OHLIC,Wounded,Teen
20161013OHLIC,Wounded,Teen
20161015GABEA,Wounded,Teen
20161018CAJUS,Wounded,Teen
20161018CAJUS,Wounded,Teen
20161018CAJUS,Wounded,Teen
20161018CAJUS,Wounded,Teen
20161025UTUNS,Wounded,Teen
20161102COGRG,None,Teen
20161103COBEB,None,Teen
20161111MIBAA,Wounded,Adult
20161117MNCRS,None,0
20161201UTMUB,None,0
20161209MOBAS,Wounded,Teen
20161209NVHUR,Wounded,Teen
20170101DELAH,Wounded,Teen
20170110ALALA,None,0
20170117FLFRE,None,0
20170120OHWEW,Wounded,Teen
20170127SCSOA,Wounded,Teen
20170127SCSOA,Wounded,Teen
20170127SCSOA,Wounded,Teen
20170206LASCB,None,0
20170218MNMAM,None,Adult
20170316ALROM,Wounded,Teen
20170321CAKIK,Wounded,Teen
20170328PALIP,Wounded,Adult
20170410CANOS,Wounded,Child
20170410CANOS,Wounded,Child
20170410CANOS,Fatal,Adult
20170415OKBOT,Wounded,Adult
20170515LAMOL,Wounded,Teen
20170523TXKEK,None,Adult
20170524ALGRG,None,Teen
20170524NEMCO,Fatal,0
20170526OKMCT,Wounded,Teen
20170616ILWAC,Wounded,Child
20170616ILWAC,Wounded,0
20170622SCWIF,None,Teen
20170719WIHIM,Wounded,Adult
20170721UTSPS,Wounded,Teen
20170801GABAV,Wounded,Teen
20170817GALIL,None,Adult
20170831CAARS,None,0
20170908ARNON,Wounded,Teen
20170908OHCOC,None,0
20170913WAFRR,Fatal,Teen
20170913WAFRR,Wounded,Teen
20170913WAFRR,Wounded,Teen
20170913WAFRR,Wounded,Teen
20170920ILMAM,Wounded,Teen
20170928KYSOL,None,Teen
20170929CASUL,Wounded,Child
20170929CASUL,Wounded,Child
20170929CASUL,Wounded,Child
20170929CASUL,Wounded,Adult
20170929CASUL,Wounded,Adult
20170929MOLEL,None,Teen
20170930PAPUC,Wounded,Adult
20171012NCCHC,None,0
20171014NCKEK,None,0
20171020OHSTT,None,0
20171027NYPRU,None,0
20171103MIPAL,Wounded,Teen
20171109GABEC,Wounded,Teen
20171109GABEC,Wounded,Teen
20171110GALAM,None,0
20171114CARAR,Wounded,Adult
20171114CARAR,Wounded,Adult
20171114CARAR,Wounded,Child
20171114CARAR,Wounded,Child
20171114CARAR,Wounded,Child
20171114CARAR,Wounded,Child
20171114CARAR,Wounded,Child
20171114CARAR,Wounded,Child
20171114CARAR,Wounded,Child
20171114CARAR,Wounded,Child
20171114CARAR,Wounded,Child
20171114CARAR,Wounded,Child
20171114CARAR,Wounded,Adult
20171114CARAR,Wounded,Teen
20171114CARAR,Wounded,Adult
20171114CARAR,Wounded,0
20171114CARAR,Wounded,Child
20171114CARAR,Wounded,Adult
20171114FLLAM,None,Teen
20171117TNNOJ,None,0
20171123COMAD,Wounded,Adult
20171123COMAD,Wounded,Child
20171123COMAD,Wounded,Child
20171128CABOS,None,0
20171129OHBAL,None,0
20171130VASAV,None,Teen
20171207NMAZA,Fatal,Teen
20171207NMAZA,Fatal,Teen
20171209ILCHC,Wounded,Teen
20171209ILCHC,Wounded,Teen
20171209ILCHC,Wounded,Teen
20171211NCHIH,None,0
20171212TXSAP,Wounded,0
20171212TXSAP,Wounded,Teen
20171214TXELD,None,0
20171219MIBEB,Wounded,Teen
20171227CALIL,Wounded,Adult
20171231LAEDA,Fatal,Adult
20171231LAEDA,Fatal,Adult
20171231WAPIM,None,0
20180104WANES,None,0
20180105IAFOF,None,0
20180109AZCOS,None,Teen
20180116VTMOM,None,Adult
20180122LANEN,None,0
20180122TXITI,Wounded,Teen
20180123KYMAB,Fatal,Teen
20180123KYMAB,Wounded,Teen
20180123KYMAB,Wounded,Teen
20180123KYMAB,Wounded,Teen
20180123KYMAB,Wounded,Teen
20180123KYMAB,Wounded,Teen
20180123KYMAB,Wounded,Teen
20180123KYMAB,Wounded,Teen
20180123KYMAB,Wounded,Teen
20180123KYMAB,Wounded,Teen
20180123KYMAB,Wounded,Teen
20180123KYMAB,Fatal,Teen
20180123KYMAB,Wounded,Teen
20180123KYMAB,Wounded,Teen
20180123KYMAB,Wounded,Teen
20180123KYMAB,Wounded,Teen
20180123KYMAB,Wounded,Teen
20180123KYMAB,Wounded,Teen
20180123KYMAB,Wounded,Teen
20180123KYMAB,Wounded,Teen
20180125ALMUM,None,0
20180126MIDED,None,0
20180131PALIP,Fatal,Adult
20180201CASAL,Wounded,Child
20180201CASAL,Wounded,0
20180201CASAL,Minor Injuries,Adult
20180201CASAL,Minor Injuries,Child
20180201CASAL,Minor Injuries,Child
20180205MDOXO,Wounded,Teen
20180205MNHAM,None,0
20180208NYTHN,None,0
20180209TNPEN,Wounded,Teen
20180214FLMAP,Fatal,Teen
20180214FLMAP,Fatal,Teen
20180214FLMAP,Fatal,Teen
20180214FLMAP,Fatal,Teen
20180214FLMAP,Fatal,Teen
20180214FLMAP,Fatal,Teen
20180214FLMAP,Fatal,Teen
20180214FLMAP,Fatal,Teen
20180214FLMAP,Fatal,Teen
20180214FLMAP,Wounded,Teen
20180214FLMAP,Wounded,Teen
20180214FLMAP,Fatal,Adult
20180214FLMAP,Wounded,Teen
20180214FLMAP,Wounded,Teen
20180214FLMAP,Wounded,Adult
20180214FLMAP,Wounded,Teen
20180214FLMAP,Wounded,Teen
20180214FLMAP,Wounded,Teen
20180214FLMAP,Wounded,Teen
20180214FLMAP,Wounded,Teen
20180214FLMAP,Wounded,Teen
20180214FLMAP,Wounded,Teen
20180214FLMAP,Fatal,Teen
20180214FLMAP,Wounded,Teen
20180214FLMAP,Wounded,Teen
20180214FLMAP,Wounded,Teen
20180214FLMAP,Wounded,Teen
20180214FLMAP,Wounded,Teen
20180214FLMAP,Fatal,Teen
20180214FLMAP,Fatal,Adult
20180214FLMAP,Fatal,Teen
20180214FLMAP,Fatal,Adult
20180214FLMAP,Fatal,Teen
20180214FLMAP,Fatal,Teen
20180215FLNOC,None,0
20180220OHJAM,None,Teen
20180226WAOAT,None,0
20180228GADAD,None,0
20180305MOKIC,None,0
20180307ALHUB,Fatal,Teen
20180309KYFRL,None,Teen
20180313CASES,Minor Injuries,Teen
20180313CASES,Minor Injuries,Teen
20180313CASES,Minor Injuries,Teen
20180313VAGEA,None,0
20180316MTBIM,None,0
20180319VADOP,Wounded,Adult
20180320MDGRG,Fatal,Teen
20180320MDGRG,Wounded,Teen
20180328MSEUE,None,0
20180329KYJOE,None,Adult
20180409NYGLG,Wounded,Teen
20180412MORAR,Wounded,Adult
20180419MIJAJ,None,0
20180420FLFOO,Wounded,Teen
20180423GABEA,None,0
20180503SDENW,Wounded,Teen
20180503TNWAW,None,0
20180505MIFOF,None,0
20180511CAHIP,Wounded,Teen
20180516ILDID,Wounded,0
20180517MOCEK,Wounded,Teen
20180517MOCEK,Wounded,Adult
20180518GAMOA,Fatal,Adult
20180518GAMOA,Wounded,0
20180518GAMOA,Wounded,Adult
20180518TXSAS,Fatal,Adult
20180518TXSAS,Fatal,Teen
20180518TXSAS,Wounded,Teen
20180518TXSAS,Wounded,Teen
20180518TXSAS,Wounded,Teen
20180518TXSAS,Wounded,Teen
20180518TXSAS,Wounded,Teen
20180518TXSAS,Wounded,Teen
20180518TXSAS,Wounded,Teen
20180518TXSAS,Wounded,Teen
20180518TXSAS,Wounded,Teen
20180518TXSAS,Fatal,Adult
20180518TXSAS,Wounded,Teen
20180518TXSAS,Wounded,Teen
20180518TXSAS,Wounded,Teen
20180518TXSAS,Wounded,Teen
20180518TXSAS,Fatal,Teen
20180518TXSAS,Fatal,Teen
20180518TXSAS,Fatal,Teen
20180518TXSAS,Fatal,Teen
20180518TXSAS,Fatal,Teen
20180518TXSAS,Fatal,Teen
20180518TXSAS,Fatal,Teen
20180521GABEG,Wounded,Adult
20180525INNON,Wounded,Adult
20180525INNON,Wounded,Teen
20180601TXMCM,None,Teen
20180615OHVAB,None,Teen
20180617ORGRP,Fatal,Adult
20180621TXSKD,Wounded,Teen
20180624MTSEM,Wounded,Teen
20180624MTSEM,Wounded,Teen
20180625OHFUS,Wounded,Adult
20180701TNRAM,Fatal,Adult
20180703KSSUO,Fatal,Adult
20180703KSSUO,Wounded,Adult
20180711OHMIM,Fatal,Teen
20180717WVHUH,None,0
20180719WAWEY,Fatal,Teen
20180804MDEDE,Fatal,Teen
20180809NJLAM,Fatal,Adult
20180811TNANN,Wounded,Adult
20180817FLPAW,Wounded,Adult
20180817FLPAW,Wounded,Adult
20180823ALALM,None,0
20180824FLRAJ,Fatal,Teen
20180824FLRAJ,Wounded,Teen
20180824FLRAJ,Wounded,Teen
20180824ILMEC,Wounded,Adult
20180824ILMEC,Wounded,Adult
20180824ILMEC,Wounded,Adult
20180828COCOD,Wounded,Teen
20180829DETOD,Fatal,Adult
20180830MIOTG,Wounded,Teen
20180830NCVIC,None,Adult
20180831CABAS,None,0
20180831IANOE,None,Adult
20180903NYLUN,Fatal,Adult
20180905RIPRP,Fatal,Teen
20180907IAHED,None,0
20180909CAGIG,None,0
20180910ILCHC,Wounded,Teen
20180910ILCHC,Wounded,Teen
20180910ILCHC,Wounded,Teen
20180910TNFAM,Wounded,Teen
20180911NVCAL,Fatal,Teen
20180914FLBOB,None,0
20180914WAMAE,None,0
20180917ALBLH,Wounded,Child
20180920CACHL,Wounded,Teen
20180920CACHL,Wounded,Adult
20180920CAPOP,None,0
20180924GAAPB,None,Teen
20180924NCLAC,None,0
20180924PACEP,Fatal,Teen
20180926MDMAB,None,0
20180927TXHEC,Wounded,Adult
20180928SDCHC,None,Teen
20181002ARCHL,None,0
20181003AKDEA,Wounded,Adult
20181004ORJAP,None,0
20181005TNHAB,Wounded,Teen
20181005TNHAB,Wounded,Teen
20181005VALAN,Wounded,0
20181007VAVAH,Wounded,Adult
20181012MIBAB,None,0
20181013TNMCN,Fatal,Teen
20181013TNMCN,Wounded,Adult
20181020GASHS,Fatal,Adult
20181022CTDUB,None,0
20181023NHGOM,Wounded,Adult
20181025MICOD,None,Teen
20181029NCBUM,Fatal,Teen
20181104KYCRL,Fatal,Adult
20181104KYCRL,Wounded,Adult
20181105SCACC,None,Teen
20181108CACLS,Wounded,Adult
20181109GAGAM,None,0
20181112MDEAE,None,Adult
20181120VASIP,Wounded,Adult
20181121MIPEP,None,0
20181122TXSKD,Fatal,Teen
20181122WAMOD,Wounded,0
20181124OHAFC,Wounded,Teen
20181124OHAFC,Wounded,Adult
20181128PASTP,None,0
20181210NYJEJ,None,Teen
20181211KYCAC,Wounded,Teen
20181211KYCAC,Wounded,Teen
20181213INDER,None,Teen
20181214MOWIK,None,0
20181218DEAIG,None,0
20190107CACEB,Fatal,Teen
20190111ORCAE,Fatal,Adult
20190118ALCET,None,Adult
20190118MOHAS,None,0
20190118NCSHD,Wounded,Adult
20190119KSLAO,Wounded,Teen
20190119KSLAO,Wounded,Teen
20190123LASOS,Wounded,Adult
20190125ALDAM,Wounded,Teen
20190125ALDAM,Wounded,Teen
20190125TNMAM,None,0
20190130GAMIL,Wounded,Adult
20190131TNMAM,Wounded,Teen
20190131TXATA,Wounded,Teen
20190205MNMIM,Wounded,0
20190208MDFRB,Wounded,Adult
20190212MOCEK,Fatal,Teen
20190214NMV.R,None,0
20190217COEAA,Fatal,Adult
20190226ALROM,Wounded,Teen
20190301KSHIM,None,0
20190313FLLAO,None,Teen
20190322ALBLB,Minor Injuries,Child
20190327MSSVH,Wounded,Child
20190401ARPRP,Wounded,Teen
20190403COAUA,None,0
20190403FLSAJ,None,0
20190405WISTM,Wounded,Child
20190407MAHOL,None,0
20190410TXROH,Wounded,Teen
20190417ILWAL,None,0
20190424ARCOC,None,Teen
20190425GAWYS,Minor Injuries,Child
20190425GAWYS,Minor Injuries,Child
20190425GAWYS,Minor Injuries,Child
20190425GAWYS,Minor Injuries,Child
20190425GAWYS,Minor Injuries,Child
20190425GAWYS,Minor Injuries,Child
20190425GAWYS,Minor Injuries,Child
20190425GAWYS,Minor Injuries,Child
20190425GAWYS,Minor Injuries,Child
20190425GAWYS,Minor Injuries,Child
20190426GACRF,None,0
20190430FLWEW,None,0
20190430VACDW,None,0
20190507COSTH,Fatal,Teen
20190507COSTH,Wounded,Teen
20190507COSTH,Wounded,Teen
20190507COSTH,Wounded,Teen
20190507COSTH,Wounded,Teen
20190507COSTH,Wounded,Teen
20190507COSTH,Wounded,Teen
20190507COSTH,Wounded,Teen
20190507COSTH,Wounded,Teen
20190508ILSEC,Wounded,Teen
20190517FLTEJ,Wounded,Teen
20190517ORPAP,None,0
20190530DCHEW,None,0
20190606ILGEC,Wounded,Adult
20190610ILMEW,Wounded,Adult
20190612DCHEW,None,0
20190612PAJEE,None,Teen
20190613NJTAW,None,0
20190621MICAF,Wounded,Teen
20190629COJAC,Fatal,Teen
20190629COJAC,Fatal,Adult
20190701NYSCN,Wounded,Teen
20190702AKWIA,Wounded,Teen
20190711CTBUH,Fatal,Adult
20190719CAMOS,None,0
20190808ALBLM,None,0
20190815TNEAN,None,0
20190817GALAA,Wounded,Teen
20190817GALAA,Wounded,0
20190820PASAC,None,Adult
20190823GAPEC,Wounded,0
20190823MOPAS,None,0
20190823MOROS,Fatal,Teen
20190824PAWIP,Fatal,Teen
20190827CAHOL,Wounded,Teen
20190827NYROR,None,0
20190830ALLAM,Wounded,Teen
20190830ALLAM,Wounded,Teen
20190830ALLAM,Wounded,Teen
20190830ALLAM,Wounded,Teen
20190830ALLAM,Wounded,Teen
20190830ALLAM,Wounded,Teen
20190830ALLAM,Wounded,Teen
20190830ALLAM,Wounded,Teen
20190830ALLAM,Wounded,Teen
20190830ALLAM,Wounded,Teen
20190830NCKIK,None,0
20190830OHCET,Wounded,Teen
20190902MDNOB,Fatal,Adult
20190902MDNOB,Wounded,Adult
20190902MDNOB,Wounded,Adult
20190906ALCEC,None,0
20190906PAMCJ,Fatal,Adult
20190906PAWEM,Wounded,0
20190910SCSOA,None,0
20190912KSMAM,None,0
20190913UTGRW,None,0
20190913VAETN,Wounded,Teen
20190913VAETN,Wounded,Teen
20190913VAETN,Wounded,Teen
20190914TXEAF,Wounded,0
20190914TXEAF,Wounded,Adult
20190916ILILK,None,0
20190916VAPHH,Fatal,Adult
20190920PASIP,Wounded,Teen
20190920PASIP,Wounded,Teen
20190927NCZEC,None,0
20191002GASOA,None,0
20191008COSHS,Wounded,Teen
20191008TXWEH,Wounded,Teen
20191009MAGRL,Wounded,Child
20191009MAGRL,Wounded,Child
20191009MAGRL,Wounded,Child
20191009MAGRL,Wounded,Child
20191009MAGRL,Wounded,Child
20191011LARAR,None,0
20191015LAGEN,Wounded,Teen
20191018GACRS,Wounded,0
20191018OHWOT,None,0
20191022CARIS,Wounded,Teen
20191027MDLAL,Wounded,Adult
20191029NYNEN,Wounded,Teen
20191108CAEDS,None,0
20191108TXROD,Fatal,Teen
20191111MDACB,Wounded,Teen
20191113CAESL,Fatal,Adult
20191114CASAS,Fatal,Teen
20191114CASAS,Fatal,Teen
20191114CASAS,Wounded,Teen
20191114CASAS,Wounded,Teen
20191114CASAS,Wounded,Teen
20191115NJPLP,Fatal,Child
20191115NJPLP,Wounded,Teen
20191115NJPLP,Wounded,Adult
20191121ILRIO,Wounded,Teen
20191124CASEU,Fatal,Teen
20191124CASEU,Fatal,Child
20191125ILCAC,Wounded,Adult
20191126WASAV,Wounded,Adult
20191126WASAV,Wounded,Adult
20191201ALMOM,Fatal,Adult
20191202WIWAW,None,Teen
20191203WIOSO,Wounded,Teen
20191203WITHM,Wounded,Teen
20191203WITHM,Wounded,Teen
20191204NMPIL,None,0
20191210ALDED,None,0
20191210KSJCK,None,0
20191210NJSAJ,None,0
20191211INEVE,None,0
20191211KSCHT,None,0
20191213VAMAN,None,Teen
20191216CTCAN,Wounded,Adult
20191219FLLEN,Fatal,Adult
20191221LAWES,Wounded,Adult
20191221LAWES,Wounded,Adult
20191221LAWES,Wounded,Adult
20191221LAWES,Wounded,Adult
20191228MOMAS,Fatal,Teen
20200107WASOK,None,0
20200108FLGLB,None,0
20200110MSMCJ,Wounded,Teen
20200111TXELD,Fatal,Teen
20200111TXELD,Wounded,Officer
20200114TXBEH,Fatal,Teen
20200114TXPOM,None,0
20200117MITHH,Wounded,Adult
20200117SCCAS,None,Teen
20200119TXNOF,Wounded,Adult
20200119TXNOF,Wounded,Child
20200121ILLIC,Wounded,Teen
20200121NEPAL,None,0
20200123CAOXO,Wounded,Child
20200127WAROY,None,0
20200128NYMAQ,None,Teen
20200128TNWHM,Wounded,0
20200128TXLUL,Wounded,Teen
20200131CADEA,Fatal,Teen
20200201TXHIH,Wounded,Adult
20200203FLGEJ,Wounded,Adult
20200204LABEA,None,0
20200205NHSEC,None,Teen
20200212MOJOF,None,0
20200215DCDUW,Fatal,Adult
20200221NMCEA,None,0
20200302TXNOF,None,0
20200305FLSAW,Wounded,0
20200310PASHN,None,0
20200313TNPIR,None,0
20200315TXATH,Fatal,Teen
20200318LABOS,Wounded,Teen
20200324LAROM,Wounded,0
20200330GANAS,Wounded,0
20200330GANAS,Wounded,0
20200330GANAS,Wounded,0
20200413NEMOO,Wounded,Teen
20200505CAGOV,Fatal,Teen
20200505CAGOV,Fatal,Teen
20200505CAGOV,Fatal,Teen
20200515NCSTC,None,0
20200519VAWEM,None,0
20200522OHMIC,Fatal,Adult
20200525ALORM,Wounded,Adult
20200525ALORM,Wounded,Adult
20200525ALORM,Wounded,Adult
20200527OHLUC,None,0
20200603IAGAD,Wounded,Teen
20200616FLTOM,Fatal,Adult
20200616FLTOM,Wounded,Adult
20200618INJOI,Fatal,Adult
20200701ILFRP,None,0
20200704INLAM,Fatal,0
20200714MIWID,None,0
20200721SCBRO,Fatal,Adult
20200804PAKEP,Fatal,Adult
20200817MIABG,Wounded,Adult
20200825MOWEC,Wounded,Adult
19850418TNSOS,Wounded,Adult
20190522OHSAC,Fatal,Teen
20190522OHSAC,Wounded,Teen
20200205NHSEC,None,Adult
20200830TXLOD,Fatal,Adult
20200904FLLOJ,Wounded,Adult
20200903GADOA,Fatal,Teen
20200909TXSOH,Wounded,Teen
20200910ILPEP,None,0
20191022NJBRB,Wounded,Teen
20200916WAARG,Wounded,Adult
20200917OHELA,Wounded,Teen
20200917OHELA,Wounded,Adult
20200916CASOS,Fatal,Teen
20200918KYWIL,Wounded,Adult
20200917ORDRP,Wounded,Adult
20200909PAWEW,None,Adult
20200923FLHIJ,None,0
20200923PAWIW,None,0
20200928CTEAN,Wounded,Teen
20200925NJHAH,Wounded,Adult
20150521FLDUJ,Wounded,Teen
20150521FLDUJ,Wounded,Teen
20190918MNFOC,Wounded,Adult
20200930CADYL,Wounded,Teen
20200930CADYL,Wounded,Adult
20130129ALDAM,Fatal,Adult
20201005OKSOM,Minor Injuries,Teen
20201005ARKIH,Fatal,Adult
20201005ARKIH,Wounded,Adult
20201009FLJEJ,Wounded,Teen
20201012TXNOD,None,Adult
20161216FLSAJ,Minor Injuries,Teen
20190327FLMAJ,Wounded,0
20190927CADER,Wounded,Teen
20190927CADER,Wounded,Teen
20190927CADER,Wounded,Teen
20201013RIRHP,Fatal,Teen
20201013RIRHP,Wounded,Adult
20201013RIRHP,Wounded,Adult
20201014PABRB,None,Adult
20201018KYSEL,Wounded,Teen
20201018KYSEL,Wounded,Teen
20201018KYSEL,Wounded,Teen
20201014WAWAS,None,Adult
20201020ARJAP,Fatal,Teen
20201026GARIR,Fatal,Adult
20201029FLLAM,Fatal,Adult
20201029FLLAM,Fatal,Adult
20201109TXCOH,Fatal,Adult
20201112PANAH,Fatal,Teen
20201112CACEU,Wounded,Adult
20201113NCLIL,Wounded,Child
20201116TNWIM,None,Adult
20201124NCHEH,Wounded,0
20201125KSABG,Wounded,Teen
20201207ILEAC,Fatal,0
20201216ILDUC,Fatal,Teen
20201229WAROS,Wounded,Teen
20201229WAROS,Wounded,Teen
20210114MDHIW,Fatal,0
20210110ILSOS,Wounded,Teen
20210110ILSOS,Wounded,Teen
20210121OHEAC,Wounded,Teen
20210127FLHOH,Minor Injuries,Teen
20210201MIMUD,Wounded,0
20210205MDBEM,Wounded,Adult
20210210TXFOF,Fatal,Adult
20210210NJSCP,Fatal,Adult
20210210LASTS,Minor Injuries,Child
20210214MNROM,Fatal,Adult
20210214MNROM,Fatal,Adult
20210214MNROM,Wounded,Adult
20210219ILLIR,Fatal,Adult
20210222CAHOV,Wounded,Adult
20210224WAGAY,Wounded,Teen
20210226LAGEN,Fatal,Adult
20210301ARWAP,Fatal,Teen
20210308SCEDC,Wounded,Adult
20210311OHCIC,Wounded,Adult
20210313TXLEA,Wounded,Adult
20210324ORFOS,Wounded,Teen
20210324ORFOS,Fatal,Teen
20210327MAPEC,Fatal,Teen
20210401ALSES,None,Teen
19790226CABAB,Wounded,Teen
19790226CABAB,Wounded,Teen
19790226CABAB,Wounded,Teen
20210407ILPEP,None,Teen
20210315INMEM,Fatal,Teen
20210315INMEM,Wounded,Teen
20210412TNAUK,Wounded,Adult
20210411INBIH,Fatal,Adult
20210412CASAS,None,Adult
20210413TNMAC,None,Adult
20170415ORMEP,Fatal,Adult
20210418OHWED,Fatal,Teen
20210418OHWED,Wounded,Teen
20210420TXHAH,Fatal,Teen
20210427DESMS,Fatal,Adult
20210429NYURB,Fatal,Teen
20210429CAVIV,Wounded,Teen
20210430INMAI,Wounded,Adult
20210501MNBES,None,Adult
20210501MNBES,None,Adult
20210502ILCHC,Wounded,Adult
20210502ILCHC,Wounded,Teen
20210502ILCHC,Wounded,Adult
20210502ILCHC,Wounded,Adult
20210502ILCHC,Wounded,0
20210506IDRIR,Wounded,Teen
20210506IDRIR,Wounded,Child
20210506IDRIR,Wounded,Adult
19890209IDRIR,None,Teen
19890209IDRIR,None,Teen
19890209IDRIR,None,Adult
20210506SCFOC,None,Adult
20210505MICRC,Wounded,Adult
20210514CASAS,Fatal,Teen
20210517TNAUM,Wounded,Adult
20210511NYPSB,Wounded,Teen
20210601ILLIC,Wounded,Teen
20210607TXEAF,Fatal,Teen
20210608KSHAK,Fatal,Teen
20210609TXNOH,Wounded,Teen
20210609VAWIR,Wounded,Teen
20210612MOMCF,Fatal,Teen
20210613PAWIP,Fatal,Adult
20210614TXEAF,Wounded,Adult
20210620CAGRM,Wounded,Adult
20210624ILABR,Wounded,Adult
20210628CASLF,Wounded,Adult
20210704NYDRR,Fatal,Teen
20210708ILBEC,Wounded,Adult
20210708ILBEC,Wounded,Teen
20210719TXCAC,Minor Injuries,Teen
20210719TXCAC,Minor Injuries,Teen
20210721ILTHC,Wounded,Teen
20210721ILTHC,Wounded,Teen
20210721ILTHC,Wounded,Teen
20210721ILTHC,Wounded,Teen
20210721ILTHC,Wounded,Adult
20210727WATYS,Fatal,Adult
20210517TXBRE,Minor Injuries,Teen
20210517TXBRE,Minor Injuries,Teen
20210804ALBUM,Wounded,Teen
20210804ALBUM,Wounded,Teen
20210806LASTH,Wounded,Adult
20210807ORGIP,Fatal,Adult
20210811COMAC,Wounded,Adult
20210810OHEAC,Wounded,Teen
20210812GALIL,Wounded,Adult
20210813NMWAA,Fatal,Teen
20210814ILMAC,Wounded,Teen
20180425NMHIA,Wounded,Adult
20210818SCORO,Wounded,Teen
20210818SCORO,Wounded,Teen
20210818SCORO,Wounded,Teen
20210817COYED,Fatal,Teen
20210820NEMIO,Wounded,Adult
20210820NEMIO,Wounded,Adult
20210820CACEF,Wounded,Teen
20210822ILWER,Wounded,Teen
20170813NYHUH,Wounded,Child
20170813NYHUH,Wounded,Child
20210901NCMTW,Fatal,Teen
20210830NCNEW,Wounded,Teen
20210827INHAH,Wounded,Teen
20210827INHAH,Wounded,Teen
20210908MNPRB,Wounded,Adult
20210909ILCHC,Wounded,Adult
20210902INWEG,Wounded,Teen
20210901ILFRC,Fatal,Adult
20210827KYAPO,Wounded,Adult
20210915KYMAL,Wounded,Adult
20210917PAWEP,Wounded,Teen
20210917PAWEP,Wounded,Teen
20210918COWIC,Wounded,Teen
20210918COWIC,Wounded,Teen
20210918COWIC,Wounded,Adult
20210917TNAUK,Wounded,Teen
20210913SCEDC,Wounded,Adult
20210902CASAL,Wounded,Teen
20210902CASAL,Wounded,Teen
20210920OHEAC,Wounded,Teen
20210920OHEAC,Wounded,Teen
20210920OHEAC,Wounded,Teen
20210921PAVAP,Wounded,Teen
20210920VAHEN,Wounded,Teen
20210920VAHEN,Wounded,Teen
20210921KSEAW,Wounded,Teen
20210921KSEAW,Wounded,Teen
20210921KSEAW,Wounded,Teen
20210922NYSOB,Wounded,Teen
20210917VAHEH,Minor Injuries,Teen
20210915VASPS,None,Child
20210915VASPS,None,Child
20210915VASPS,None,Child
20210924MDWIB,Wounded,Teen
20210924ALFAF,Wounded,Adult
20210903CABUB,None,Adult
20210903CABUB,None,0
20210927ILCAC,Minor Injuries,Child
20210927ILCAC,Minor Injuries,Child
20210927ILCAC,Minor Injuries,Child
20210827PAACS,Fatal,Child
20210827PAACS,Wounded,Teen
20210827PAACS,Wounded,Teen
20210827PAACS,Wounded,Adult
20210827PAACS,Wounded,Adult
20210928MESOS,Wounded,Teen
20210902CASAL,Wounded,Teen
20210830FLOKW,Minor Injuries,Teen
20210830NJWEN,Fatal,Teen
20210930TNCUM,Wounded,Teen
20210827VAFRW,Wounded,Teen
20210827VAFRW,Wounded,Teen
20210930MSNEN,Wounded,Child
20190809NJWEN,Wounded,Teen
20190809NJWEN,Wounded,Teen
20211001TXYEH,Wounded,Adult
20211001INBEI,Wounded,Teen
20211001NCSEF,Wounded,Teen
20211001NCSEF,Wounded,Teen
20211001NCNOD,Wounded,Teen
20211004PASCP,Wounded,Adult
20211004PASCP,Wounded,Adult
20211004OHWOT,Wounded,Teen
20211006TXTIA,Wounded,Teen
20211006TXTIA,Wounded,Teen
20211006TXTIA,Wounded,Adult
20211006TXTIA,Minor Injuries,Teen
20211007DCWAW,Fatal,Adult
20211007TXEAW,Wounded,Teen
20211012ILWEC,Wounded,Teen
20211012ILWEC,Wounded,Adult
20211012MIELK,Wounded,Teen
20211012MIELK,Wounded,Teen
20211015ALWIM,Wounded,0
20211015ALWIM,Wounded,0
20211015ALWIM,Wounded,0
20211015ALWIM,Wounded,0
20211014MEREP,Fatal,0
20211013PACHD,Minor Injuries,Child
20211013PACHD,Minor Injuries,Child
20211013PACHD,Minor Injuries,Child
20211013PACHD,Minor Injuries,Child
20211015CAKEF,Wounded,0
20211018PALIP,Wounded,Teen
20211018PALIP,Wounded,Adult
20211011ORROP,Wounded,Teen
20211021GABES,Minor Injuries,0
20211021NYPSB,Wounded,Adult
20211030PASTM,Wounded,Adult
19920530DCARW,Fatal,Teen
19920530DCARW,Wounded,Teen
19920530DCARW,Wounded,Teen
19920530DCARW,Wounded,Teen
19920530DCARW,Wounded,Teen
20211108NYTHB,Wounded,Teen
19901110TXJUD,Wounded,Teen
19890901VASAV,Wounded,Teen
19890901VASAV,Wounded,Teen
19871031SCANA,Wounded,Teen
19871031SCANA,Wounded,Teen
19871031SCANA,Wounded,Teen
19871031SCANA,Wounded,Teen
19871031SCANA,Wounded,Teen
19871031SCANA,Wounded,Teen
19871031SCANA,Wounded,Teen
19871031SCANA,Wounded,Teen
20211119COHIA,Wounded,Teen
20211119COHIA,Wounded,Teen
20211119COHIA,Wounded,Teen
20211119MDGIB,Fatal,Teen
20211126CAWES,Wounded,Adult
20211126CAWES,Wounded,Adult
20211129AZCHP,Wounded,Teen
20211130MIOXO,Fatal,Teen
20211130MIOXO,Fatal,Teen
20211130MIOXO,Fatal,Teen
20211130MIOXO,Wounded,Teen
20211130MIOXO,Wounded,Teen
20211130MIOXO,Wounded,Teen
20211130MIOXO,Wounded,Teen
20211130MIOXO,Wounded,Teen
20211130MIOXO,Wounded,Teen
20211130MIOXO,Fatal,Teen
20211130MIOXO,Wounded,Adult
20211201TXSAP,None,Teen
20211130TNHUH,Fatal,0
20211130TNHUH,Wounded,Teen
20211130TNHUH,Wounded,Adult
20211102NMHIH,Wounded,Child
20211102NMHIH,Wounded,Child
20211102NMHIH,Wounded,Child
20211102NMHIH,None,Adult
20211206CAWIW,Wounded,Child
20211206CAWIW,Fatal,Teen
20211206CAWIW,Wounded,Adult
20211203ARBLB,None,Adult
20211208MOEWK,Wounded,Teen
20211208MOEWK,Wounded,Teen
20211207ILHAC,Fatal,Adult
20211208KYSTL,None,Adult
20211206NYSUS,Wounded,Teen
20211211FLEDL,Wounded,Adult
20211213NCWEC,None,Teen
20211212NYSCR,Fatal,Adult
20211214VAMEN,Fatal,Teen
19930108PACRM,Wounded,Teen
19930203SCGAC,Wounded,Teen
19930203SCLEL,Wounded,Teen
19920117SCGRG,Wounded,Teen
20211229NCCAS,Wounded,Teen
20211229NCCAS,Wounded,Teen
19920930CAPAL,Fatal,Teen
20220104ILAUR,Wounded,Teen
20220104ILAUR,Wounded,Teen
20220106CAFLS,Wounded,Teen
20220106CAFLS,Wounded,Teen
20170127ILSCN,Fatal,Adult
20220117TXPYH,Fatal,Adult
20220117TXPYH,Fatal,Adult
20220119FLSES,Wounded,Teen
20220119VAMAP,Wounded,Teen
20220119PAPIP,Fatal,Teen
20220119DCANW,None,0
20220121MDMAR,Wounded,Teen
20220127TXMOH,Wounded,Adult
20220126PABAP,Fatal,Teen
20220129WIBEB,Fatal,Teen
20220124NVSUL,Wounded,0
20220201MNSOR,Fatal,Teen
20220201MNSOR,Wounded,Teen
20220201WIRUM,Wounded,Teen
20220201WIRUM,Wounded,Teen
20220201WIRUM,Wounded,Teen
20220201WIRUM,Wounded,Teen
20220201WIRUM,Wounded,Teen
20220128LACAM,None,Adult
20220128LACAM,None,Adult
20220204ALWEB,Wounded,Teen
20220208MDCAC,Wounded,Teen
20220209NYMCB,Wounded,Teen
20220209NYMCB,Wounded,Adult
20220209MNMIM,Wounded,Adult
20220208MDCAC,Wounded,Teen
20220211DCEAW,Wounded,Adult
20220201ILALC,Wounded,Teen
20220217WAMCG,Wounded,Adult
20220219VACAC,Fatal,Teen
20220218MATET,Minor Injuries,Teen
20220218MATET,Minor Injuries,Teen
20220218MATET,Minor Injuries,Teen
20220218MATET,Minor Injuries,Teen
20220218MATET,Minor Injuries,Teen
20220218MATET,Minor Injuries,Teen
20220218MATET,Minor Injuries,Teen
20220220OKWIW,Wounded,Adult
20220221MDJOH,Fatal,Teen
20220220MSMCM,Fatal,Child
20220220MSMCM,Wounded,0
20220220MSMCM,Wounded,0
20220220MSMCM,Wounded,0
20220220MSMCM,Wounded,0
20220222COLIP,Fatal,Adult
20220225NMWEA,Fatal,Teen
20220222TXALH,Fatal,Adult
20220227DCDUW,Fatal,Adult
20220228NYBOB,Wounded,Teen
20220303MIJWL,Wounded,Teen
20220304KSOLO,Wounded,Adult
20220304KSOLO,Wounded,Adult
20220307IAEAD,Fatal,Teen
20220307IAEAD,Wounded,Teen
20220307IAEAD,Wounded,Teen
20220309TXNOH,Wounded,Teen
20220309FLNOM,Wounded,Teen
20220309FLNOM,Wounded,Teen
20220309FLNOM,Wounded,Teen
20220310MDCOL,Fatal,Adult
20220311OHFAP,None,Adult
20220311CADER,Minor Injuries,Teen
20220310TNHAM,None,Child
20220310TNHAM,None,Child
20220310TNHAM,None,Child
20220310TNHAM,None,Child
20220310TNHAM,None,Child
20220315WAEIY,Fatal,Teen
20220315WAEIY,Wounded,Teen
20220315MATEB,Wounded,Teen
20220315MATEB,Wounded,Adult
20220315MDPAB,Wounded,Teen
20220318ILBAB,Minor Injuries,Teen
20220318ILBAB,Minor Injuries,Teen
20220319ALCEL,None,Adult
20220321MIMAK,None,Adult
20220318RICEP,Minor Injuries,Adult
20220322FLNEN,Minor Injuries,Adult
20220328NCOAC,Wounded,Teen
20220329NVWEL,Wounded,Teen
20220329NVWEL,Wounded,Teen
20220329NVWEL,Minor Injuries,Teen
20220331SCTAG,Fatal,0
20220330AZKIK,Wounded,Teen
20220405PAERE,Wounded,Teen
20220406ORROP,Wounded,Adult
20220410MALYL,Fatal,Teen
20220406WASTM,None,Child
20220406WASTM,None,Child
20220413MISHS,Minor Injuries,Child
20220414MSNEP,Wounded,Teen
20220414MSNEP,Minor Injuries,Teen
20220414MSNEP,Wounded,Teen
20220415VAGAW,Wounded,Teen
20220403INBLB,Wounded,Teen
20220416IAMED,Wounded,Adult
20220421NDMOM,Fatal,Adult
20220422DCEDW,Wounded,Adult
20220422DCEDW,Wounded,Adult
20220422DCEDW,Wounded,Adult
20220422DCEDW,Wounded,0
20220424MOHAF,Fatal,Adult
20220426GASOM,Fatal,Teen
20220427TXMOS,Wounded,Adult
20220422DCEDW,Minor Injuries,Teen
20220501OHHAC,Fatal,Adult
20220501VALOM,Wounded,Adult
20220501VALOM,Wounded,Adult
20220430PAMCJ,None,Adult
20220509GARIS,Minor Injuries,Adult
20220509NYEDS,Fatal,Adult
20220511FLJAJ,Wounded,Teen
20220512TXHEH,Wounded,Teen
20220513FLALW,Fatal,Adult
20220512ARHOH,Fatal,Adult
20220512ARHOH,Wounded,0
20220512ARHOH,Wounded,0
20220513GASOM,Wounded,0
20220515ILMEP,Wounded,Teen
20220517ILWAC,Wounded,Child
20220515NHBEB,Minor Injuries,Teen
20220515NHBEB,Minor Injuries,0
20220518TNRIM,Fatal,Teen
20220518TNRIM,Wounded,0
20220519LAHAH,Wounded,Adult
20220519LAHAH,Wounded,Adult
20220519LAHAH,Wounded,Adult
20220519LAHAH,Minor Injuries,Adult
20220519MIEAK,Wounded,Adult
20220519MIEAK,Wounded,Teen
20220520VAPOD,None,Teen
20220520TNEAC,Fatal,Adult
20220520OHCAC,Minor Injuries,Adult
20220523PASIP,Wounded,Teen
20220523PASIP,Wounded,Teen
20220523PASIP,Wounded,Teen
20220524TXROU,Fatal,Child
20220524TXROU,Fatal,Child
20220524TXROU,Fatal,Child
20220524TXROU,Fatal,Child
20220524TXROU,Fatal,Child
20220524TXROU,Fatal,Child
20220524TXROU,Fatal,Child
20220524TXROU,Fatal,Child
20220524TXROU,Fatal,Child
20220524TXROU,Fatal,Child
20220524TXROU,Fatal,Child
20220524TXROU,Fatal,Child
20220524TXROU,Fatal,Child
20220524TXROU,Wounded,Child
20220524TXROU,Fatal,Child
20220524TXROU,Fatal,Child
20220524TXROU,Fatal,Child
20220524TXROU,Fatal,Child
20220524TXROU,Fatal,Child
20220524TXROU,Fatal,Adult
20220524TXROU,Fatal,Adult
20220524TXROU,Wounded,Child
20220524TXROU,Wounded,Child
20220524TXROU,Wounded,Child
20220524TXROU,Wounded,Adult
20220524DCPOW,Wounded,Teen
20220524TXROU,Wounded,0
20220524TXROU,Wounded,0
20220524TXROU,Wounded,0
20220524TXROU,Wounded,0
20220524TXROU,Wounded,0
20220524TXROU,Wounded,0
20220524TXROU,Wounded,0
20220524TXROU,Wounded,0
20220524TXROU,Wounded,0
20220524TXROU,Wounded,0
20220524TXROU,Wounded,0
20220524TXROU,Wounded,0
20220524TXROU,Wounded,0
20220524TXROU,Wounded,0
20220526SCMEG,Fatal,Adult
20220529ILDAC,Wounded,Teen
20220529ILDAC,Wounded,Adult
20220529ILDAC,Wounded,0
20220529ILDAC,Wounded,0
20220529ILDAC,Wounded,0
20220530CAHEL,Wounded,Teen
20220531LAMON,Fatal,Adult
20220531LAMON,Wounded,Adult
20220531LAMON,Wounded,Adult
20220601CAULL,Wounded,Teen
